city_name;country_name;year_observation;year_reporting;gpcX2012;gpcX2013;gpcX2014;gpcX2015;gpcX2016;City_Code;geoname_id
Wien;Austria;;2019;63063;62024;60922;60094;60831;AT001C1;2761369
Graz;Austria;;2019;59539;58385;58217;57571;58778;AT002C1;2778067
Linz;Austria;;2019;64181;63874;63145;63494;63012;AT003C1;2772400
Salzburg;Austria;;2019;65964;64116;63717;64509;65304;AT004C1;2766824
Innsbruck;Austria;;2019;54331;54105;53384;53365;53350;AT005C1;2775220
Klagenfurt;Austria;;2019;50102;49165;49162;48434;48218;AT006C1;2774326
Bruxelles / Brussel;Belgium;;2019;80127;79137;78148;82738;82240;BE001C1;2800866
Antwerpen;Belgium;;2019;56089;55526;56644;57222;57543;BE002C1;2803138
Gent;Belgium;;2019;51939;53015;54264;55089;55988;BE003C1;2797656
Charleroi;Belgium;;2019;33286;32687;32978;32695;32432;BE004C1;2800481
Liège;Belgium;;2019;36242;35999;36319;35955;36182;BE005C1;2792413
Brugge;Belgium;;2019;45762;45884;46109;45819;46411;BE006C1;2800931
Namur;Belgium;;2019;35853;35411;35891;35360;35686;BE007C1;2790471
Leuven;Belgium;;2019;42026;42475;42647;42560;41159;BE008C1;2792482
Mons;Belgium;;2019;35772.784691152;35575.5938683564;35647.0333035536;36018.9030113955;36044.0074520846;BE009C1;2790869
Kortrijk;Belgium;;2019;46950;47702;49700;49403;50693;BE010C1;2794055
Oostende;Belgium;;2019;34131;35709;35868;35619;36085;BE011C1;2789786
Sofia;Bulgaria;;2019;37120;37401;37701;39901;41446;BG001C1;727011
Plovdiv;Bulgaria;;2019;13745;14156;13894;15014;16183;BG002C1;728193
Varna;Bulgaria;;2019;17312;17086;18326;18753;18751;BG003C1;726050
Burgas;Bulgaria;;2019;14728;15010;13812;15488;16638;BG004C1;732770
Pleven;Bulgaria;;2019;9523;9992;10046;10295;10453;BG005C1;728203
Ruse;Bulgaria;;2019;12949;13445;14539;14632;15166;BG006C1;727523
Vidin;Bulgaria;;2019;8488;8921;9212;9250;9276;BG007C1;725905
Stara Zagora;Bulgaria;;2019;17524;18588;21729;19919;23534;BG008C1;726848
Sliven;Bulgaria;;2019;9357;8559;8969;8650;9211;BG009C1;727079
Dobrich;Bulgaria;;2019;11220;11616;11759;11733;12076;BG010C1;726418
Shumen;Bulgaria;;2019;10635;10969;11096;11210;11631;BG011C1;727233
Pernik;Bulgaria;;2019;9071;8757;9002;8941;10025;BG012C1;728330
Yambol;Bulgaria;;2019;11040;10737;11679;12016;12256;BG013C1;725578
Haskovo;Bulgaria;;2019;9609;9306;9647;10282;10535;BG014C1;730435
Pazardzhik;Bulgaria;;2019;11496;11065;10418;11816;10916;BG015C1;728378
Blagoevgrad;Bulgaria;;2019;11224;11463;11379;11594;11900;BG016C1;733191
Veliko Tarnovo;Bulgaria;;2019;11253;11743;11738;12180;12372;BG017C1;725993
Vratsa;Bulgaria;;2019;13629;12376;14353;13544;13985;BG018C1;725712
Lefkosia;Cyprus;;2019;NA;NA;NA;NA;NA;CY001C1;146268
Lemesos;Cyprus;;2019;NA;NA;NA;NA;NA;CY501C1;146384
Praha;Czech Republic;;2019;65631;65110;65247;70867;71946;CZ001C1;3067696
Brno;Czech Republic;;2019;30246;31046;31614;33072;33245;CZ002C1;3078610
Ostrava;Czech Republic;;2019;27048;26010;26921;27982;28599;CZ003C1;3068799
Plzen;Czech Republic;;2019;28199;29111;30371;31313;32205;CZ004C1;3068160
Ústí nad Labem;Czech Republic;;2019;24642;24237;24256;25816;25208;CZ005C1;3063548
Olomouc;Czech Republic;;2019;24443;24127;24936;25874;26793;CZ006C1;3069011
Liberec;Czech Republic;;2019;24390;24209;24867;26052;26666;CZ007C1;3071961
Ceské Budejovice;Czech Republic;;2019;26629;26690;26952;27740;28375;CZ008C1;3077916
Hradec Králové;Czech Republic;;2019;27103;26858;28094;29214;30626;CZ009C1;3074967
Pardubice;Czech Republic;;2019;24912;25125;26059;27403;28072;CZ010C1;3068582
Zlín;Czech Republic;;2019;26386;26497;28584;28968;29620;CZ011C1;3061370
Kladno;Czech Republic;;2019;28427;27952;29476;30368;31947;CZ012C1;3073699
Karlovy Vary;Czech Republic;;2019;22151;21837;22082;22589;22630;CZ013C1;3073803
Jihlava;Czech Republic;;2019;26343;26244;26698;27525;28315;CZ014C1;3074199
Havírov;Czech Republic;;2019;27048;26010;26921;27982;28599;CZ015C1;3075921
Most;Czech Republic;;2019;24642;24237;24256;25816;25208;CZ016C1;3070291
Karviná;Czech Republic;;2019;27048;26010;26921;27982;28599;CZ017C1;3073789
Chomutov-Jirkov;Czech Republic;;2019;24642;24237;24256;25816;25208;CZ018C2;3077685
Berlin;Germany;;2019;44326;43951;44640;45861;47580;DE001C1;2950159
Hamburg;Germany;;2019;76809;77984;78008;79552;78358;DE002C1;2911298
München;Germany;;2019;90040;91229;92595;93702;95130;DE003C1;2867714
Köln;Germany;;2019;68866;69391;71886;76103;74756;DE004C1;2886242
Frankfurt am Main;Germany;;2019;120657;120364;120751;117676;116955;DE005C1;2925533
Essen;Germany;;2019;54425;53597;53849;53273;52446;DE006C1;2928810
Stuttgart;Germany;;2019;103848;102176;101572;106000;103381;DE007C1;2825297
Leipzig;Germany;;2019;43562;43764;44832;44579;44231;DE008C1;2879139
Dresden;Germany;;2019;43569;44128;44962;47940;48165;DE009C1;2935022
Dortmund;Germany;;2019;46194;45448;45355;45781;45639;DE010C1;2935517
Düsseldorf;Germany;;2019;97470;99962;100376;99732;99068;DE011C1;2934246
Bremen;Germany;;2019;63592;61670;62357;62663;62134;DE012C1;2944388
Hannover;Germany;;2019;54495;52918;53434;52866;55137;DE013C1;2910831
Nürnberg;Germany;;2019;67874;67665;68456;68854;71418;DE014C1;2861650
Bochum;Germany;;2019;39239;40234;41515;40213;40462;DE015C1;2947416
Bielefeld;Germany;;2019;46716;47182;48094;47856;48186;DE017C1;2949186
Halle an der Saale;Germany;;2019;36113;35716;35650;36534;36480;DE018C1;2911522
Magdeburg;Germany;;2019;41721;41102;42200;41843;41873;DE019C1;2874545
Wiesbaden;Germany;;2019;75433;75616;77612;76628;79037;DE020C1;2809346
Göttingen;Germany;;2019;41968;41241;42139;41734;42609;DE021C1;2918632
Mülheim a.d.Ruhr;Germany;;2019;46166;43096;45310;42579;41305;DE022C1;2867770
Moers;Germany;;2019;33690;34215;34885;34559;34655;DE023C1;2870221
Darmstadt;Germany;;2019;88036;89036;88119;86131;94608;DE025C1;2938913
Trier;Germany;;2019;52842;52346;54556;54338;53543;DE026C1;2821164
Freiburg im Breisgau;Germany;;2019;60702;61040;62205;61897;62322;DE027C1;2925177
Regensburg;Germany;;2019;106762;104575;107717;106590;105189;DE028C1;2849483
Frankfurt (Oder);Germany;;2019;44137;42622;43131;44770;43796;DE029C1;2925535
Weimar;Germany;;2019;37585;37663;37984;38583;38020;DE030C1;2812482
Schwerin;Germany;;2019;46346;45997;48143;47084;47038;DE031C1;2834282
Erfurt;Germany;;2019;46296;48272;48494;47977;48167;DE032C1;2929670
Augsburg;Germany;;2019;61130;58885;58926;61674;60726;DE033C1;2954172
Bonn;Germany;;2019;91947;96636;87653;86735;87650;DE034C1;2946447
Karlsruhe;Germany;;2019;78827;77399;77577;79554;77822;DE035C1;2892794
Mönchengladbach;Germany;;2019;40405;39678;40128;40932;41445;DE036C1;2869894
Mainz;Germany;;2019;71248;70722;69981;69649;69640;DE037C1;2874225
Kiel;Germany;;2019;54419;55712;57013;56251;56908;DE039C1;2891122
Saarbrücken;Germany;;2019;54919;55164;55334;55458;55508;DE040C1;2842647
Potsdam;Germany;;2019;49427;48399;49642;50178;50123;DE041C1;2852458
Koblenz;Germany;;2019;85726;86606;88243;90160;88114;DE042C1;2886946
Rostock;Germany;;2019;41860;43865;45131;44640;43661;DE043C1;2844588
Kaiserslautern;Germany;;2019;53554;53742;59171;58841;60680;DE044C1;2894003
Iserlohn;Germany;;2019;42772;43642;43738;44991;44683;DE045C1;2895669
Esslingen am Neckar;Germany;;2019;49499;48104;49037;50398;49682;DE046C1;2928751
Hanau;Germany;;2019;41688;40553;40677;40674;41995;DE047C1;2911007
Wilhelmshaven;Germany;;2019;49465;48823;50174;50047;50002;DE048C1;2808720
Ludwigsburg;Germany;;2019;52142;52514;54437;55209;56155;DE049C1;2875392
Tübingen;Germany;;2019;39384;39828;40146;40483;42061;DE050C1;2820860
Villingen-Schwenningen;Germany;;2019;44498;44376;46855;47538;46957;DE051C1;2817220
Flensburg;Germany;;2019;52814;52099;51371;52961;52387;DE052C1;2926271
Marburg;Germany;;2019;42761;43553;44491;43633;44684;DE053C1;2814153
Konstanz;Germany;;2019;41184;42568;42313;41697;42497;DE054C1;2885679
Neumünster;Germany;;2019;46829;47615;49476;49003;48552;DE055C1;2864475
Brandenburg an der Havel;Germany;;2019;36919;36327;36938;37989;38442;DE056C1;2945358
Gießen;Germany;;2019;42141;41322;42480;42447;43470;DE057C1;2920512
Lüneburg;Germany;;2019;31250;32207;33279;33822;33838;DE058C1;2875115
Bayreuth;Germany;;2019;71916;73204;74556;76524;78893;DE059C1;2951825
Celle;Germany;;2019;35962;35757;36427;36693;36248;DE060C1;2940213
Aschaffenburg;Germany;;2019;95604;91420;88483;89953;96602;DE061C1;2955272
Bamberg;Germany;;2019;72739;74036;72693;73895;75719;DE062C1;2952984
Plauen;Germany;;2019;28821;28919;29537;29970;30372;DE063C1;2853292
Neubrandenburg;Germany;;2019;31165;31163;31587;31711;31993;DE064C1;2866135
Fulda;Germany;;2019;43985;44610;44853;45599;45886;DE065C1;2923822
Kempten (Allgäu);Germany;;2019;68280;70718;70167;68889;71423;DE066C1;2891621
Landshut;Germany;;2019;71197;72003;73950;68884;70543;DE067C1;2881485
Sindelfingen;Germany;;2019;71751;73655;76272;83259;82736;DE068C1;2831948
Rosenheim;Germany;;2019;59272;59698;60100;60493;63795;DE069C1;2844988
Frankenthal (Pfalz);Germany;;2019;43530;42699;42938;41633;41090;DE070C1;2925550
Stralsund;Germany;;2019;28077;28066;28394;28762;28915;DE071C1;2826287
Friedrichshafen;Germany;;2019;57453;57915;58096;57381;62260;DE072C1;2924585
Offenburg;Germany;;2019;46772;46962;47846;48159;49347;DE073C1;2857798
Görlitz;Germany;;2019;30052;30350;31155;31309;31809;DE074C1;2918987
Sankt Augustin;Germany;;2019;35463;36138;36888;35972;34415;DE075C1;2841648
Neu-Ulm;Germany;;2019;42790;43373;43877;44030;46893;DE076C1;2863941
Schweinfurt;Germany;;2019;122869;120525;123059;120461;124717;DE077C1;2834498
Greifswald;Germany;;2019;27162;27716;28530;28878;29515;DE078C1;2917788
Wetzlar;Germany;;2019;40304;39628;40434;41030;41278;DE079C1;2809889
Speyer;Germany;;2019;59337;61709;64542;63670;63366;DE080C1;2830582
Passau;Germany;;2019;80493;80046;80200;79162;81168;DE081C1;2855328
Dessau-Roßlau;Germany;;2019;35517;35048;35954;36357;36394;DE082C1;2937959
Duisburg;Germany;;2019;45117;43472;44560;43509;41766;DE501C1;2934691
Mannheim;Germany;;2019;78681;79766;78398;79711;79728;DE502C1;2873891
Gelsenkirchen;Germany;;2019;39444;38562;37081;36952;36803;DE503C1;2921466
Münster;Germany;;2019;70494;70872;71514;70476;69696;DE504C1;2867542
Chemnitz;Germany;;2019;41379;41506;41991;41789;42865;DE505C1;2940132
Braunschweig;Germany;;2019;55969;55349;57412;55330;59954;DE506C1;2945024
Aachen;Germany;;2019;44244;42784;45457;45530;46227;DE507C1;3247449
Krefeld;Germany;;2019;49211;47325;47176;46310;46714;DE508C1;2884509
Oberhausen;Germany;;2019;34383;35903;35748;35607;34237;DE509C1;2860410
Lübeck;Germany;;2019;45985;46004;48360;47989;48110;DE510C1;2875601
Hagen;Germany;;2019;43117;42131;42921;41705;41413;DE511C1;2912621
Kassel;Germany;;2019;60037;59708;62645;62117;63190;DE513C1;2892518
Hamm;Germany;;2019;35917;35351;36233;35226;35149;DE514C1;2911240
Herne;Germany;;2019;30282;29653;29586;29330;28868;DE515C1;2905891
Solingen;Germany;;2019;36675;37223;37478;38427;39161;DE516C1;2831580
Osnabrück;Germany;;2019;59795;60360;62215;62418;61052;DE517C1;2856883
Ludwigshafen am Rhein;Germany;;2019;103926;96959;96803;104093;103932;DE518C1;2875376
Leverkusen;Germany;;2019;59762;55448;56819;55990;58521;DE519C1;2878234
Oldenburg (Oldenburg);Germany;;2019;55770;53833;53886;54200;56210;DE520C1;2857458
Neuss;Germany;;2019;51062;50186;50330;51052;50578;DE521C1;2864118
Heidelberg;Germany;;2019;69735;68298;69873;67316;66788;DE522C1;2907911
Paderborn;Germany;;2019;42162;42398;44045;42913;44086;DE523C1;2855745
Würzburg;Germany;;2019;72964;74716;76018;76249;75929;DE524C1;2805615
Recklinghausen;Germany;;2019;31668;31457;32035;31475;30723;DE525C1;2849647
Wolfsburg;Germany;;2019;171889;169299;176667;145606;224553;DE526C1;2806654
Bremerhaven;Germany;;2019;38747;43873;43457;43179;43742;DE527C1;2944368
Bottrop;Germany;;2019;28122;26885;25713;26230;27013;DE528C1;2945756
Heilbronn;Germany;;2019;65484;65844;65721;67701;65227;DE529C1;2907669
Remscheid;Germany;;2019;44847;43720;45258;43693;43745;DE530C1;2848273
Offenbach am Main;Germany;;2019;50913;49138;48927;48418;46731;DE531C1;2857807
Ulm;Germany;;2019;92233;92488;90575;93753;94101;DE532C1;2820256
Pforzheim;Germany;;2019;55991;57424;54365;52542;51063;DE533C1;2853969
Ingolstadt;Germany;;2019;145263;165234;160456;167647;161413;DE534C1;2895992
Gera;Germany;;2019;32551;33063;33894;34445;34500;DE535C1;2921232
Salzgitter;Germany;;2019;59865;61389;62998;55584;63501;DE536C1;2842150
Reutlingen;Germany;;2019;46296;47832;49576;49200;49732;DE537C1;2847736
Fürth;Germany;;2019;40633;40282;41550;42367;42699;DE538C1;2923544
Cottbus;Germany;;2019;39218;39305;40619;41670;42424;DE539C1;2939811
Siegen;Germany;;2019;48202;47369;48079;48482;48716;DE540C1;2832495
Bergisch Gladbach;Germany;;2019;30599;30474;31486;31367;31955;DE541C1;2950349
Hildesheim;Germany;;2019;33929;32982;34073;34093;34450;DE542C1;2904789
Witten;Germany;;2019;37179;37096;38402;37346;37580;DE543C1;2807363
Zwickau;Germany;;2019;33202;33126;35463;36648;37589;DE544C1;2803560
Erlangen;Germany;;2019;112176;107416;109818;116069;116241;DE545C1;2929567
Wuppertal;Germany;;2019;43665;43536;45366;45571;46606;DE546C1;2805753
Jena;Germany;;2019;45492;47323;49935;50812;50663;DE547C1;2895044
København;Denmark;;2019;66212;66244;68961;69246;70583;DK001C1;2618425
Århus;Denmark;;2019;41456;41223;41458;42003;44640;DK002C1;2624652
Odense;Denmark;;2019;36618;36766;37204;37759;38951;DK003C1;2615876
Aalborg;Denmark;;2019;40183;40335;40313;41289;42288;DK004C2;2624886
Tallinn;Estland;;2019;40375;40969;42773;43671;44471;EE001C1;588409
Tartu;Estland;;2019;18421;18793;19482;20222;21051;EE002C1;588335
Narva;Estland;;2019;17265;18574;17917;16145;15308;EE003C1;590031
Athina;Greece;;2019;36758.0017625626;36121.5182038603;36611.8186166683;36530.0444331614;36658.3740195451;EL001C1;264371
Thessaloniki;Greece;;2019;23013;22086;22085;22643;23086;EL002C1;734077
Pátra;Greece;;2019;22621;21074;21642;21572;21408;EL003C1;255683
Heraklion;Greece;;2019;21411;21561;22333;22373;22287;EL004C1;261745
Larisa;Greece;;2019;22131;21772;22465;23033;23666;EL005C1;258576
Volos;Greece;;2019;21012;20127;20196;21029;20867;EL006C1;251833
Ioannina;Greece;;2019;18886;17955;18965;18940;19754;EL007C1;261779
Kavala;Greece;;2019;22451;20808;22141;22035;22076;EL008C1;735861
Kalamata;Greece;;2019;20364;19467;19970;20103;20258;EL009C1;261604
Madrid;Espana;;2019;46040;45459;46220;47985;49219;ES001C1;3117735
Barcelona;Espana;;2019;39140;38989;40040;41626;43136;ES002C1;3128760
Valencia;Espana;;2019;31084;30852;31699;32616;32911;ES003C1;2509954
Sevilla;Espana;;2019;27350;26400;26952;27594;28208;ES004C1;2510911
Zaragoza;Espana;;2019;35942;35847;36463;37381;38837;ES005C1;3104342
Málaga;Espana;;2019;24411;23884;24482;25315;25833;ES006C1;2514256
Murcia;Espana;;2019;27482;27433;27628;29263;29973;ES007C1;2513416
Las Palmas;Espana;;2019;26877;26634;26560;26738;27794;ES008C1;2515270
Valladolid;Espana;;2019;34028;33686;34402;35699;37002;ES009C1;3106672
Palma de Mallorca;Espana;;2019;37133;36688;37599;39112;40672;ES010C1;2512989
Santiago de Compostela;Espana;;2019;31108;31048;31014;32625;33663;ES011C1;3109642
Vitoria/Gasteiz;Espana;;2019;50279;50596;52103;52915;53981;ES012C1;3104499
Oviedo;Espana;;2019;30232;29452;29634;30764;31360;ES013C1;3114711
Pamplona/Iruña;Espana;;2019;40960;40806;41615;42869;44010;ES014C1;3114472
Santander;Espana;;2019;31191;30415;31103;31763;32823;ES015C1;3109718
Toledo;Espana;;2019;24382;24143;24087;24989;26013;ES016C1;2510409
Badajoz;Espana;;2019;23172;23170;23179;24508;25249;ES017C1;2521420
Logroño;Espana;;2019;36189;35909;36986;38256;38441;ES018C1;3118150
Bilbao;Espana;;2019;41395;40649;41802;43496;44841;ES019C1;3128026
Córdoba;Espana;;2019;23268;23486;23701;25035;25629;ES020C1;2519240
Alicante/Alacant;Espana;;2019;24640;24339;25182;26063;27413;ES021C1;2521978
Vigo;Espana;;2019;28046;28127;28756;29803;30670;ES022C1;3105976
Gijón;Espana;;2019;30232;29452;29634;30764;31360;ES023C1;3121424
L'Hospitalet de Llobregat;Espana;;2019;39140;38989;40040;41626;43136;ES024C1;3120619
Santa Cruz de Tenerife;Espana;;2019;29579;28711;28831;29766;30017;ES025C1;2511174
A Coruña;Espana;;2019;31108;31048;31014;32625;33663;ES026C1;3119841
Barakaldo;Espana;;2019;41395;40649;41802;43496;44841;ES027C1;3109453
Reus;Espana;;2019;38550;38204;39280;41538;43488;ES028C1;3111933
Telde;Espana;;2019;26877;26634;26560;26738;27794;ES029C1;2510542
Parla;Espana;;2019;46040;45459;46220;47985;49219;ES030C1;3114256
Lugo;Espana;;2019;30024;30304;31420;33140;33374;ES031C1;3117814
San Fernando;Espana;;2019;24337;23668;23472;24116;24991;ES032C1;2511388
Girona;Espana;;2019;38467;37799;38578;39893;41587;ES033C1;3121456
Cáceres;Espana;;2019;23934;23885;24159;25169;26382;ES034C1;2520611
Torrevieja;Espana;;2019;24640;24339;25182;26063;27413;ES035C1;2510253
Pozuelo de Alarcón;Espana;;2019;46040;45459;46220;47985;49219;ES036C1;3112989
Puerto de Santa María, El;Espana;;2019;24337;23668;23472;24116;24991;ES037C1;2518207
Coslada;Espana;;2019;46040;45459;46220;47985;49219;ES038C1;3124408
Avilés;Espana;;2019;30232;29452;29634;30764;31360;ES039C1;3129135
Talavera de la Reina;Espana;;2019;24382;24143;24087;24989;26013;ES040C1;2510693
Palencia;Espana;;2019;34202;33953;33937;35837;38388;ES041C1;3114531
Sant Boi de Llobregat;Espana;;2019;39140;38989;40040;41626;43136;ES042C1;3110834
Ferrol;Espana;;2019;31108;31048;31014;32625;33663;ES043C1;3123493
Pontevedra;Espana;;2019;28046;28127;28756;29803;30670;ES044C1;3113209
Ceuta;Espana;;2019;27457;27688;27569;28390;28933;ES045C1;6362987
Gandia;Espana;;2019;31084;30852;31699;32616;32911;ES046C1;2517367
Rozas de Madrid, Las;Espana;;2019;46040;45459;46220;47985;49219;ES047C1;3118848
Guadalajara;Espana;;2019;27726;26876;25831;25882;27255;ES048C1;3121070
Sant Cugat del Vallès;Espana;;2019;39140;38989;40040;41626;43136;ES049C1;3110718
Manresa;Espana;;2019;39140;38989;40040;41626;43136;ES050C1;3117533
Getxo;Espana;;2019;41395;40649;41802;43496;44841;ES051C1;3121007
Rubí;Espana;;2019;39140;38989;40040;41626;43136;ES052C1;3111294
Ciudad Real;Espana;;2019;28078;27270;26791;28974;29753;ES053C1;2519402
Benidorm;Espana;;2019;24640;24339;25182;26063;27413;ES054C1;2521088
Melilla;Espana;;2019;25101;25048;25201;25970;26620;ES055C1;2513947
Viladecans;Espana;;2019;39140;38989;40040;41626;43136;ES056C1;3105935
Ponferrada;Espana;;2019;29179;28280;28441;29242;29584;ES057C1;3113236
San Sebastián de los Reyes;Espana;;2019;46040;45459;46220;47985;49219;ES058C1;3110040
Zamora;Espana;;2019;28427;27466;27522;28597;29284;ES059C1;933141
Fuengirola;Espana;;2019;24411;23884;24482;25315;25833;ES060C1;2517595
Cerdanyola del Vallès;Espana;;2019;39140;38989;40040;41626;43136;ES061C1;3109402
Sanlúcar de Barrameda;Espana;;2019;24337;23668;23472;24116;24991;ES062C1;2511306
Vilanova i la Geltrú;Espana;;2019;39140;38989;40040;41626;43136;ES063C1;3105184
Prat de Llobregat, El;Espana;;2019;39140;38989;40040;41626;43136;ES064C1;3123329
Línea de la Concepción, La;Espana;;2019;24337;23668;23472;24116;24991;ES065C1;2515812
Cornellà de Llobregat;Espana;;2019;39140;38989;40040;41626;43136;ES066C1;3124569
Majadahonda;Espana;;2019;46040;45459;46220;47985;49219;ES067C1;3117667
Torremolinos;Espana;;2019;24411;23884;24482;25315;25833;ES068C1;2510281
Castelldefels;Espana;;2019;39140;38989;40040;41626;43136;ES069C1;3125897
Irun;Espana;;2019;43784;42845;43188;44369;45719;ES070C1;3120304
Granollers;Espana;;2019;39140;38989;40040;41626;43136;ES071C1;3121145
Arrecife;Espana;;2019;30649;31837;32216;33153;34232;ES072C1;2521570
Elda;Espana;;2019;24640;24339;25182;26063;27413;ES073C1;2518505
Santa Lucía de Tirajana;Espana;;2019;26877;26634;26560;26738;27794;ES074C1;2511150
Mollet del Vallès;Espana;;2019;39140;38989;40040;41626;43136;ES075C1;3116553
Granada;Espana;;2019;24012;23729;24563;25713;25876;ES501C1;2517117
Badalona;Espana;;2019;39140;38989;40040;41626;43136;ES503C1;3129028
Móstoles;Espana;;2019;46040;45459;46220;47985;49219;ES504C1;3116025
Elche/Elx;Espana;;2019;24640;24339;25182;26063;27413;ES505C1;2518559
Cartagena;Espana;;2019;27482;27433;27628;29263;29973;ES506C1;2520058
Sabadell;Espana;;2019;39140;38989;40040;41626;43136;ES507C1;3111199
Jerez de la Frontera;Espana;;2019;24337;23668;23472;24116;24991;ES508C1;2516326
Fuenlabrada;Espana;;2019;46040;45459;46220;47985;49219;ES509C1;3121960
San Sebastián/Donostia;Espana;;2019;43784;42845;43188;44369;45719;ES510C1;3110044
Alcalá de Henares;Espana;;2019;46040;45459;46220;47985;49219;ES511C1;3130616
Terrassa;Espana;;2019;39140;38989;40040;41626;43136;ES512C1;3108286
Leganés;Espana;;2019;46040;45459;46220;47985;49219;ES513C1;3118594
Almería;Espana;;2019;25610;25104;26289;27972;28612;ES514C1;2521886
Burgos;Espana;;2019;38624;37307;37336;38407;40132;ES515C1;3127461
Salamanca;Espana;;2019;27070;26343;26714;27806;29317;ES516C1;3111108
Alcorcón;Espana;;2019;46040;45459;46220;47985;49219;ES517C1;3130564
Getafe;Espana;;2019;46040;45459;46220;47985;49219;ES518C1;3121437
Albacete;Espana;;2019;26647;26450;26294;27839;28591;ES519C1;2522258
Castellón de la Plana/Castelló de la Plana;Espana;;2019;32487;32647;33284;35620;37449;ES520C1;2519752
Huelva;Espana;;2019;26102;24190;24137;25471;26595;ES521C1;2516548
Cádiz;Espana;;2019;24337;23668;23472;24116;24991;ES522C1;2520600
León;Espana;;2019;29179;28280;28441;29242;29584;ES523C1;3118532
San Cristóbal de la Laguna;Espana;;2019;29579;28711;28831;29766;30017;ES524C1;2511401
Tarragona;Espana;;2019;38550;38204;39280;41538;43488;ES525C1;3108288
Santa Coloma de Gramenet;Espana;;2019;39140;38989;40040;41626;43136;ES526C1;3109981
Jaén;Espana;;2019;22077;23612;22667;25505;25298;ES527C1;2516395
Lleida;Espana;;2019;40748;41176;41692;43297;42278;ES528C1;3118514
Ourense;Espana;;2019;28115;27698;27847;28791;30267;ES529C1;3114965
Mataró;Espana;;2019;39140;38989;40040;41626;43136;ES530C1;3117164
Dos Hermanas;Espana;;2019;27350;26400;26952;27594;28208;ES531C1;2518794
Algeciras;Espana;;2019;24337;23668;23472;24116;24991;ES532C1;2522013
Marbella;Espana;;2019;24411;23884;24482;25315;25833;ES533C1;2514169
Torrejón de Ardoz;Espana;;2019;46040;45459;46220;47985;49219;ES534C1;3107784
Alcobendas;Espana;;2019;46040;45459;46220;47985;49219;ES535C1;3130583
Helsinki / Helsingfors;Finland;;2019;56731;56710;55600;56445;57347;FI001C2;658225
Tampere / Tammerfors;Finland;;2019;41408;39956;38984;38388;39875;FI002C1;634963
Turku / Åbo;Finland;;2019;39662;38751;38734;38092;39975;FI003C1;633679
Oulu / Uleåborg;Finland;;2019;37167;36485;35569;34224;36539;FI004C2;643492
Espoo / Esbo;Finland;;2019;56731;56710;55600;56445;57347;FI005C1;660158
Vantaa / Vanda;Finland;;2019;56731;56710;55600;56445;57347;FI006C1;632453
Lahti / Lahtis;Finland;;2019;36038;34332;34645;34357;35387;FI007C1;649360
Kuopio;Finland;;2019;35450;34793;35105;35126;35946;FI008C1;650224
Jyväskylä;Finland;;2019;35120;34053;34318;35173;36346;FI009C1;655194
Paris;France;;2019;73717.5557953538;74750.853008916;75370.8072083467;76566.2046734865;77744.6873151862;FR001C1;2988507
Lyon;France;;2019;53367;52822;53034;53989;55388;FR003C2;2996944
Toulouse;France;;2019;47029;47577;48224;49255;49562;FR004C2;2972315
Strasbourg;France;;2019;39776;40009;40600;40066;40449;FR006C2;2973783
Bordeaux;France;;2019;40258;38994;39706;39591;40289;FR007C1;3031582
Nantes;France;;2019;40469;40389;40472;41571;42189;FR008C1;2990969
Lille;France;;2019;35070;35243;35158;36167;36249;FR009C1;2998324
Montpellier;France;;2019;35211;34390;34287;34188;34433;FR010C1;2992166
Saint-Etienne;France;;2019;32818;32501;32790;32723;33087;FR011C1;2980291
Le Havre;France;;2019;38077;38100;38015;38466;38678;FR012C1;3003796
Rennes;France;;2019;39453;39266;39713;40303;41043;FR013C2;2983990
Amiens;France;;2019;32846;32957;31605;33162;32337;FR014C2;3037854
Nancy;France;;2019;33171;33671;34260;32806;32221;FR016C1;2990999
Metz;France;;2019;29728;29520;30456;30445;30212;FR017C2;2994160
Reims;France;;2019;41344;41113;37276;40704;40578;FR018C1;2984114
Orléans;France;;2019;39009;38679;38110;38036;37991;FR019C1;2989317
Dijon;France;;2019;40061;40264;40023;40583;40305;FR020C2;3021372
Poitiers;France;;2019;34562;34518;34069;34349;34295;FR021C2;2986495
Clermont-Ferrand;France;;2019;37709;38064;39509;38360;36490;FR022C2;3024635
Caen;France;;2019;35845;35478;35379;35558;35883;FR023C2;3029241
Limoges;France;;2019;31074;32145;33147;32407;34108;FR024C2;2998286
Besançon;France;;2019;32710;32952;34354;33762;33709;FR025C1;3033123
Grenoble;France;;2019;38492;38149;38501;38097;38920;FR026C2;3014728
Ajaccio;France;;2019;36603;36715;36331;35868;36405;FR027C1;3038334
Saint Denis;France;;2019;10844;11153;11656;12070;12772;FR028C1;2980916
Fort-de-France;France;;2019;10844;11153;11656;12070;12772;FR030C1;3570675
Toulon;France;;2019;30365;29789;28849;29258;29664;FR032C2;2972328
Valenciennes;France;;2019;35070;35243;35158;36167;36249;FR034C2;2971041
Tours;France;;2019;34947;35132;35521;35910;36005;FR035C2;2972191
Angers;France;;2019;32431;32537;31743;32731;33028;FR036C2;3037656
Brest;France;;2019;32439;32856;33558;32994;33069;FR037C1;3030300
Le Mans;France;;2019;35060;34848;35028;34692;35061;FR038C2;3003603
Avignon;France;;2019;35361;35878;35457;36827;37377;FR039C2;3035681
Mulhouse;France;;2019;32691;32857;33300;33190;33706;FR040C2;2991214
Dunkerque;France;;2019;35070;35243;35158;36167;36249;FR042C1;3020686
Perpignan;France;;2019;28092;27674;27033;27752;27680;FR043C2;2987914
Nîmes;France;;2019;28233;27797;27385;28254;28453;FR044C2;2990363
Pau;France;;2019;36956;37433;36866;36967;36755;FR045C2;2988358
Bayonne;France;;2019;36956;37433;36866;36967;36755;FR046C2;3034475
Annemasse;France;;2019;35566;35558;35545;35782;36165;FR047C2;3037538
Annecy;France;;2019;35566;35558;35545;35782;36165;FR048C1;3037543
Lorient;France;;2019;30449;30433;30750;30711;31049;FR049C2;2997577
Montbéliard;France;;2019;32710;32952;34354;33762;33709;FR050C2;2992938
Troyes;France;;2019;32800;32452;30778;31879;30885;FR051C2;2971549
Saint-Nazaire;France;;2019;40469;40389;40472;41571;42189;FR052C2;2977921
La Rochelle;France;;2019;29859;29521;30589;29975;30095;FR053C1;3006787
Angoulême;France;;2019;33987;33818;31959;34755;34825;FR056C1;3037598
Boulogne-sur-Mer;France;;2019;27499;27552;27409;27549;28003;FR057C2;3031133
Chambéry;France;;2019;40551;40424;40578;40530;41304;FR058C2;3027422
Chalon-sur-Saône;France;;2019;30865;30943;31076;31139;31247;FR059C2;3027484
Chartres;France;;2019;30531;30680;29889;30860;31037;FR060C2;3026467
Niort;France;;2019;34677;35059;33533;35106;34493;FR061C2;2990355
Calais;France;;2019;27499;27552;27409;27549;28003;FR062C1;3029162
Béziers;France;;2019;35211;34390;34287;34188;34433;FR063C2;3032833
Arras;France;;2019;27499;27552;27409;27549;28003;FR064C2;3036784
Bourges;France;;2019;30226;30144;30019;30190;31085;FR065C2;3031005
Saint-Brieuc;France;;2019;29321;29413;29485;30022;30376;FR066C1;2981280
Quimper;France;;2019;32439;32856;33558;32994;33069;FR067C2;2984701
Vannes;France;;2019;30449;30433;30750;30711;31049;FR068C2;2970777
Cherbourg;France;;2019;29383;30084;29205;29873;29776;FR069C1;3025466
Tarbes;France;;2019;29907;30379;30655;30286;30394;FR073C2;2973385
Compiègne;France;;2019;31602;31108;30861;31785;31209;FR074C2;3024066
Belfort;France;;2019;35005;31662;32762;32730;32843;FR076C2;3033791
Roanne;France;;2019;32818;32501;32790;32723;33087;FR077C1;2983362
Saint-Quentin;France;;2019;27641;27502;27076;27390;27117;FR079C2;2977295
Beauvais;France;;2019;31602;31108;30861;31785;31209;FR082C2;3034006
Creil;France;;2019;31602;31108;30861;31785;31209;FR084C1;3022610
Evreux;France;;2019;29043;28816;28302;28839;28429;FR086C2;3019265
Châteauroux;France;;2019;29180;28512;28326;28742;28309;FR090C2;3026204
Brive-la-Gaillarde;France;;2019;31461;30909;30848;30674;30545;FR093C2;3029974
Albi;France;;2019;27267;26684;27894;26730;27225;FR096C2;3038261
Fréjus;France;;2019;30365;29789;28849;29258;29664;FR099C1;3017253
Châlons-en-Champagne;France;;2019;41344;41113;37276;40704;40578;FR104C2;3027487
Aubagne;France;;2019;43219;42048;42238;42430;41776;FR201C1;3036433
Aix-en-Provence;France;;2019;43219;42048;42238;42430;41776;FR202C1;3038354
Marseille;France;;2019;43219;42048;42238;42430;41776;FR203C1;2995469
Nice;France;;2019;41347;41104;40833;41001;42167;FR205C2;2990440
CA de Sophia-Antipolis;France;;2019;41347;41104;40833;41001;42167;FR206C1;6640252
Lens - Liévin;France;;2019;27499;27552;27409;27549;28003;FR207C1;6618369
Hénin - Carvin;France;;2019;27499;27552;27409;27549;28003;FR208C1;3003091
Douai;France;;2019;35070;35243;35158;36167;36249;FR209C2;3021000
Versailles;France;;2019;47433;47965;47050;48767;49206;FR211C1;2969679
CC de la Boucle de la Seine;France;;2019;47433;47965;47050;48767;49206;FR212C1;6457364
Sénart en Essonne;France;;2019;43784;46272;46054;46495;46692;FR213C1;3019599
Valence;France;;2019;33163.2639670096;33112.6419539939;33032.0609570415;33318.795105484;33033.060768828;FR214C1;2971053
Rouen;France;;2019;38077;38100;38015;38466;38678;FR215C2;2982652
CA Marne et Chantereine;France;;2019;37704;36597;36454;36544;36845;FR216C1;2972444
CA les Portes de l'Essonne;France;;2019;43784;46272;46054;46495;46692;FR221C1;6451944
Melun;France;;2019;37704;36597;36454;36544;36845;FR304C1;2994651
Meaux;France;;2019;37704;36597;36454;36544;36845;FR305C1;2994798
Mantes en Yvelines;France;;2019;47433;47965;47050;48767;49206;FR306C1;2996147
Evry;France;;2019;43784;46272;46054;46495;46692;FR308C1;3019256
CA de la Vallée de Montmorency;France;;2019;39441;38853;35795;35725;35760;FR323C1;6454892
Martigues;France;;2019;43219;42048;42238;42430;41776;FR324C1;2995387
Cergy-Pontoise;France;;2019;39441;38853;35795;35725;35760;FR504C1;8555643
Charleville-Mézières;France;;2019;27196;27712;27602;27655;27472;FR505C1;3026613
Colmar;France;;2019;32691;32857;33300;33190;33706;FR506C1;3024297
Saint-Quentin en Yvelines;France;;2019;47433;47965;47050;48767;49206;FR518C1;8533870
Zagreb;Croatia;;2019;40996;40091;40183;41163;42307;HR001C1;3186886
Rijeka;Croatia;;2019;29107;28152;28513;28629;29394;HR002C1;3191648
Slavonski Brod;Croatia;;2019;12283;12288;12051;12591;13295;HR003C1;3190586
Osijek;Croatia;;2019;17250;17475;17325;17923;18838;HR004C1;3193935
Split;Croatia;;2019;16982;16990;17128;17739;18581;HR005C1;3190261
Budapest;Hungary;;2019;52228;51724;53336;53329;54958;HU001C1;3054643
Miskolc;Hungary;;2019;14565;15355;16651;18998;19206;HU002C1;717582
Nyíregyháza;Hungary;;2019;13342;13655;14458;14910;15358;HU003C1;716935
Pécs;Hungary;;2019;15862;15961;16504;17142;17763;HU004C1;3046526
Debrecen;Hungary;;2019;17935;17586;18459;18984;18842;HU005C1;721472
Szeged;Hungary;;2019;18089;18259;19538;20059;20247;HU006C1;715429
Gyõr;Hungary;;2019;28017;29630;32385;34825;36620;HU007C1;3052009
Kecskemét;Hungary;;2019;17045;18474;19260;20894;21152;HU008C1;3050434
Székesfehérvár;Hungary;;2019;22528;23785;25348;27674;28785;HU009C1;3044774
Szombathely;Hungary;;2019;22632;23996;25378;26046;26942;HU010C1;3044310
Dublin;Ireland;;2019;78226;84028;92698;91569;101829;IE001C1;2964574
Cork;Ireland;;2019;66066;60699;68117;NA;NA;IE002C1;2965140
Limerick;Ireland;;2019;43267;40650;38575;NA;NA;IE003C1;2962943
Galway;Ireland;;2019;42562;37042;39633;40317;37914;IE004C1;2964180
Waterford;Ireland;;2019;33321;39335;38539;42369;42830;IE005C1;2960992
Roma;Italy;;2019;52439;49309;47342;46954;49528;IT001C1;3169070
Milano;Italy;;2019;71720;68355;68162;68923;71163;IT002C1;3173435
Napoli;Italy;;2019;25735;24424;24371;24625;25161;IT003C1;3172394
Torino;Italy;;2019;41982;41621;40705;41117;41734;IT004C1;3165524
Palermo;Italy;;2019;25832;25066;24211;24582;24261;IT005C1;2523920
Genova;Italy;;2019;45315;43904;44786;45447;45569;IT006C1;3176219
Firenze;Italy;;2019;49565;47817;48373;48333;49128;IT007C1;3176959
Bari;Italy;;2019;28854;27688;27102;27735;27958;IT008C1;3182351
Bologna;Italy;;2019;52989;52211;52333;52836;52567;IT009C1;3181928
Catania;Italy;;2019;25377;24404;23998;23543;23679;IT010C1;2525068
Venezia;Italy;;2019;41237;40650;40505;41048;40934;IT011C1;3164603
Verona;Italy;;2019;44008;43037;42552;43146;44172;IT012C1;3164527
Cremona;Italy;;2019;39383;40173;38748;38763;39931;IT013C1;3177838
Trento;Italy;;2019;47906;47821;47396;46885;48924;IT014C1;3165243
Trieste;Italy;;2019;44952;43181;44427;45413;43564;IT015C1;3165185
Perugia;Italy;;2019;35178;34003;32947;33626;33535;IT016C1;3171180
Ancona;Italy;;2019;39797;38515;39284;39416;38988;IT017C1;3183089
Pescara;Italy;;2019;35501;34059;33114;32735;32477;IT019C1;3171168
Campobasso;Italy;;2019;29331;26683;25803;26264;26838;IT020C1;3180991
Caserta;Italy;;2019;21846;21159;21035;21172;21847;IT021C1;3179866
Taranto;Italy;;2019;24981;22828;23406;22591;23716;IT022C1;3165926
Potenza;Italy;;2019;28865;29706;28046;31140;31336;IT023C1;3170027
Catanzaro;Italy;;2019;26331;25243;25270;24462;26146;IT024C1;2525059
Reggio di Calabria;Italy;;2019;24985;24373;23912;24180;22165;IT025C1;2523630
Sassari;Italy;;2019;27847;26697;25835;25668;25195;IT026C1;3167096
Cagliari;Italy;;2019;34038;32214;31144;32932;32692;IT027C1;2525473
Padova;Italy;;2019;44672;43250;43322;43676;43823;IT028C1;3171728
Brescia;Italy;;2019;43007;41768;41736;42199;43302;IT029C1;3181554
Modena;Italy;;2019;47699;47878;48760;48865;50521;IT030C1;3173331
Foggia;Italy;;2019;23546;23385;22709;22926;23235;IT031C1;3176885
Salerno;Italy;;2019;24468;23763;23391;23826;23923;IT032C1;3168673
Piacenza;Italy;;2019;43156;41659;42046;42119;41317;IT033C1;3171058
Bolzano;Italy;;2019;56757;56196;55829;56395;59361;IT034C1;3181913
Udine;Italy;;2019;39463;39500;39136;39839;39767;IT035C1;3165072
La Spezia;Italy;;2019;41668;40318;39733;39891;39418;IT036C1;3175081
Lecce;Italy;;2019;21798;21067;21064;21426;21570;IT037C1;3174953
Barletta;Italy;;2019;20829;20153;20050;20278;20869;IT038C1;3182340
Pesaro;Italy;;2019;35142;33994;34405;34875;35076;IT039C1;3171173
Como;Italy;;2019;37361;36265;37040;36908;37277;IT040C1;3178229
Pisa;Italy;;2019;41389;40255;39658;39964;40556;IT041C1;3170647
Treviso;Italy;;2019;41235;40230;40923;41187;42131;IT042C1;3165201
Varese;Italy;;2019;40751;38695;38505;39316;38870;IT043C1;3164699
Busto Arsizio;Italy;;2019;40751;38695;38505;39316;38870;IT044C1;3181355
Asti;Italy;;2019;33840;33595;33411;33432;33475;IT045C1;3182714
Pavia;Italy;;2019;32675;31879;32794;32755;31727;IT046C1;3171366
Massa;Italy;;2019;32299;31424;32245;31718;31843;IT047C1;3173775
Cosenza;Italy;;2019;21552;20814;20127;20506;20732;IT048C1;2524907
Carrara;Italy;;2019;32299;31424;32245;31718;31843;IT049C1;3180423
Benevento;Italy;;2019;22494;23134;21321;21726;22065;IT050C1;3182179
Sanremo;Italy;;2019;33097;32147;31744;31525;31253;IT051C1;3167777
Savona;Italy;;2019;38828;37788;36482;36890;36010;IT052C1;3167022
Vigevano;Italy;;2019;32675;31879;32794;32755;31727;IT053C1;3164376
Matera;Italy;;2019;23430;23025;22579;23054;24118;IT054C1;3173721
Viareggio;Italy;;2019;37997;36504;36505;36379;36546;IT055C1;3164433
Acireale;Italy;;2019;25377;24404;23998;23543;23679;IT056C1;2525790
Avellino;Italy;;2019;23205;23155;22369;23745;23913;IT057C1;3182650
Pordenone;Italy;;2019;39519;39548;38534;39981;39984;IT058C1;3170147
Biella;Italy;;2019;35182;34201;33958;34665;35104;IT059C1;3182043
Lecco;Italy;;2019;39450;39334;38935;39567;39763;IT060C1;3174945
Messina;Italy;;2019;24451;23794;23709;23155;23420;IT501C1;2524170
Prato;Italy;;2019;39860;39498;38849;39623;41178;IT502C1;3169921
Parma;Italy;;2019;49447;47724;47487;47670;48570;IT503C1;3171457
Livorno;Italy;;2019;36302;34955;34846;35290;35376;IT504C1;3174659
Reggio nell'Emilia;Italy;;2019;45543;44801;44464;45686;46194;IT505C1;3169522
Ravenna;Italy;;2019;42142;41641;41791;41779;42284;IT506C1;3169561
Ferrara;Italy;;2019;34835;34647;34311;34965;34768;IT507C1;3177090
Rimini;Italy;;2019;40821;39121;38743;38344;39123;IT508C1;3169361
Siracusa;Italy;;2019;27064;26146;20449;25192;24503;IT509C1;2523083
Monza;Italy;;2019;40115;39186;38693;39068;40117;IT510C1;3172629
Bergamo;Italy;;2019;42373;41134;40961;41375;42635;IT511C1;3182164
Forlì;Italy;;2019;41682;40957;40919;41737;41883;IT512C1;3176746
Latina;Italy;;2019;31418;30251;29468;29694;28728;IT513C1;3175058
Vicenza;Italy;;2019;42783;42518;42351;43320;43691;IT514C1;3164419
Terni;Italy;;2019;31252;29799;28906;29671;30324;IT515C1;3165771
Novara;Italy;;2019;38054;37336;37307;38093;38365;IT516C1;3172189
Giugliano in Campania;Italy;;2019;25735;24424;24371;24625;25161;IT517C1;3176059
Vilnius;Lithuania;;2019;36690;38864;40713;41968;43411;LT001C1;593116
Kaunas;Lithuania;;2019;25213;26379;27710;28694;30366;LT002C1;598316
Panevežys;Lithuania;;2019;16536;17030;17584;17639;17776;LT003C1;596128
Alytus;Lithuania;;2019;16450;17164;18106;18383;18798;LT004C1;601084
Klaipeda;Lithuania;;2019;27750;28515;29428;29700;30464;LT501C1;598098
Šiauliai;Lithuania;;2019;19611;20112;20777;21523;22663;LT502C1;594739
Luxembourg;Luxemburg;;2019;98705;99976;101842;103752;105920;LU001C1;2960316
Riga;Latvia;;2019;36751;38857;39877;41613;42232;LV001C1;456172
Liepaja;Latvia;;2019;17835;17681;17848;18152;18900;LV002C1;457954
Jelgava;Latvia;;2019;15112;14320;15071;15707;15965;LV003C1;459279
Daugavpils;Latvia;;2019;12844;12305;12423;12828;12949;LV501C1;460413
Valletta;Malta;;2019;31273;32304;34461;37303;38532;MT001C1;2562305
s-Gravenhage;Netherlands;;2019;54035.4440782784;53205.8438010802;53395.9262223461;53817.2855517976;54328.4356832408;NL001C1;2747373
Amsterdam;Netherlands;;2019;86361;87645;91255;94882;98139;NL002C1;2759794
Rotterdam;Netherlands;;2019;50994.8360340347;50203.4142595921;50480.8472586427;52459.1547760981;53175.0904437021;NL003C1;2747891
Utrecht;Netherlands;;2019;60848;60534;61018;61470;62007;NL004C1;2745912
Eindhoven;Netherlands;;2019;52685;52931;54581;56908;57971;NL005C1;2756253
Tilburg;Netherlands;;2019;40705;40557;41510;42408;43359;NL006C1;2746301
Groningen;Netherlands;;2019;74930;76239;69452;64697;59208;NL007C1;2755251
Enschede;Netherlands;;2019;38684;38365;38747;39303;40602;NL008C1;2756071
Arnhem;Netherlands;;2019;42637;42040;42650;43018;43742;NL009C1;2759661
Heerlen;Netherlands;;2019;41448;41328;41755;44103;46539;NL010C1;2754652
Almere;Netherlands;;2019;36990;35970;36610;37157;38248;NL011C1;2759879
Breda;Netherlands;;2019;48804;48410;48734;50054;50778;NL012C1;2758401
Nijmegen;Netherlands;;2019;42637;42040;42650;43018;43742;NL013C1;2750053
Apeldoorn;Netherlands;;2019;43854;43534;44211;44399;45533;NL014C1;2759706
Leeuwarden;Netherlands;;2019;35501;35594;36514;35617;35060;NL015C1;2751792
Sittard-Geleen;Netherlands;;2019;41448;41328;41755;44103;46539;NL016C1;2747203
Delft;Netherlands;;2019;52511;53209;54630;56014;58078;NL017C1;2757345
Hilversum;Netherlands;;2019;47752;46648;48032;49052;49231;NL018C1;2754064
Amstelveen;Netherlands;;2019;86361;87645;91255;94882;98139;NL019C1;2759798
Roosendaal;Netherlands;;2019;48804;48410;48734;50054;50778;NL020C1;2747930
Spijkenisse;Netherlands;;2019;53010;51912;52055;54402;55017;NL021C1;2746932
Leidschendam-Voorburg;Netherlands;;2019;54443;53205;53066;53230;53326;NL022C1;6544252
Purmerend;Netherlands;;2019;86361;87645;91255;94882;98139;NL023C1;2748413
Vlaardingen;Netherlands;;2019;53010;51912;52055;54402;55017;NL024C1;2745467
Velsen;Netherlands;;2019;43294;43285;43613;41032;40373;NL025C1;2745673
Alphen aan den Rijn;Netherlands;;2019;39375;39370;38862;38628;39695;NL026C1;2759875
Capelle aan den IJssel;Netherlands;;2019;53010;51912;52055;54402;55017;NL027C1;2758012
Bergen op Zoom;Netherlands;;2019;48804;48410;48734;50054;50778;NL028C1;2759145
Katwijk;Netherlands;;2019;47027;46340;44574;43928;43574;NL029C1;2753010
Gouda;Netherlands;;2019;39375;39370;38862;38628;39695;NL030C1;2755420
Hoorn;Netherlands;;2019;33047;33307;33555;34056;34695;NL031C1;2753638
Middelburg;Netherlands;;2019;36416;36223;37226;38203;39361;NL032C1;2750896
Haarlem;Netherlands;;2019;39627.1229939424;39063.8276325616;39043.1666749647;38059.2065720687;38266.4617376151;NL501C1;2755003
Zaanstad;Netherlands;;2019;32670;33049;33822;32430;34128;NL502C1;2744114
s-Hertogenbosch;Netherlands;;2019;48602;46702;47629;48648;50020;NL503C1;2747351
Amersfoort;Netherlands;;2019;60848;60534;61018;61470;62007;NL504C1;2759821
Maastricht;Netherlands;;2019;41448;41328;41755;44103;46539;NL505C1;2751283
Dordrecht;Netherlands;;2019;43926;44210;44959;45644;46714;NL506C1;2756669
Leiden;Netherlands;;2019;47027;46340;44574;43928;43574;NL507C1;2751773
Haarlemmermeer;Netherlands;;2019;86361;87645;91255;94882;98139;NL508C1;2753801
Zoetermeer;Netherlands;;2019;54443;53205;53066;53230;53326;NL509C1;2743856
Zwolle;Netherlands;;2019;43055;43032;44436;44866;46133;NL511C1;2743477
Ede;Netherlands;;2019;43854;43534;44211;44399;45533;NL512C1;2756429
Deventer;Netherlands;;2019;37365;37509;38389;38653;40649;NL513C1;2756987
Alkmaar;Netherlands;;2019;39552;38760;39355;38279;38704;NL514C1;2759899
Venlo;Netherlands;;2019;43302;43849;44469;45149;47062;NL515C1;2745641
Helmond;Netherlands;;2019;52685;52931;54581;56908;57971;NL516C1;2754447
Hengelo;Netherlands;;2019;38684;38365;38747;39303;40602;NL517C1;2754394
Schiedam;Netherlands;;2019;53010;51912;52055;54402;55017;NL518C1;2747596
Almelo;Netherlands;;2019;38684;38365;38747;39303;40602;NL519C1;2759887
Lelystad;Netherlands;;2019;36990;35970;36610;37157;38248;NL520C1;2751738
Warszawa;Poland;;2019;72187;74243;76227;77616;80362;PL001C1;756135
Lódz;Poland;;2019;29887;30605;31947;33206;33615;PL002C1;3093133
Kraków;Poland;;2019;38295;40092;41732;43759;45791;PL003C1;3094802
Wroclaw;Poland;;2019;38386;40096;42432;44029;45440;PL004C1;3081368
Poznan;Poland;;2019;47996;49812;51091;52585;54458;PL005C1;3088171
Gdansk;Poland;;2019;36422;35819;35669;38093;40007;PL006C1;3099434
Szczecin;Poland;;2019;28867;29122;30471;32002;32386;PL007C1;3083829
Bydgoszcz;Poland;;2019;25949;25917;26689;27914;28675;PL008C1;3102014
Lublin;Poland;;2019;22686;23554;24292;24407;25292;PL009C1;765876
Katowice;Poland;;2019;33325;34226;34915;35857;35987;PL010C1;3096472
Bialystok;Poland;;2019;20942;21210;21730;22223;22830;PL011C1;776069
Kielce;Poland;;2019;19991;19938;20502;21160;21631;PL012C1;769250
Torun;Poland;;2019;25949;25917;26689;27914;28675;PL013C1;3083271
Olsztyn;Poland;;2019;19880;20530;21097;21605;22279;PL014C1;763166
Rzeszów;Poland;;2019;21428;22072;22657;24048;24371;PL015C1;759734
Opole;Poland;;2019;23579;23899;25161;26172;26370;PL016C1;3090048
Gorzów Wielkopolski;Poland;;2019;20714;20559;21600;22382;23132;PL017C1;3089684
Zielona Góra;Poland;;2019;20267;20937;21859;22445;23307;PL018C1;3080165
Jelenia Góra;Poland;;2019;20894;21061;22012;21733;22121;PL019C1;3097257
Nowy Sacz;Poland;;2019;15313;15377;16379;16871;16923;PL020C1;763534
Suwalki;Poland;;2019;15545;16256;16574;16819;17280;PL021C1;757718
Konin;Poland;;2019;18947;18997;19468;20213;21031;PL022C1;3095321
Zory;Poland;;2019;23752;22759;22992;23730;23864;PL023C1;3080004
Czestochowa;Poland;;2019;20692;21035;21805;22789;23802;PL024C1;3100946
Radom;Poland;;2019;17077;17282;18031;18724;18700;PL025C1;760778
Plock;Poland;;2019;37419;34284;35849;40270;43561;PL026C1;3088825
Kalisz;Poland;;2019;20487;21013;22263;24306;24733;PL027C1;3096880
Koszalin;Poland;;2019;20310;20679;21261;22372;22769;PL028C1;3095049
Slupsk;Poland;;2019;18814;18888;19691;20236;20474;PL029C1;3085450
Jastrzebie-Zdrój;Poland;;2019;23752;22759;22992;23730;23864;PL030C1;3097391
Siedlce;Poland;;2019;19308;19848;20158;20335;20821;PL031C1;759412
Piotrków Trybunalski;Poland;;2019;23915;23875;24519;25506;26348;PL032C1;3088972
Lubin;Poland;;2019;42356;38675;38322;38971;37686;PL033C1;3092931
Pila;Poland;;2019;18318;18892;19344;20702;21163;PL034C1;3089033
Inowroclaw;Poland;;2019;16553;16820;17273;17449;18352;PL035C1;3097872
Ostrowiec Swietokrzyski;Poland;;2019;19991;19938;20502;21160;21631;PL036C1;762863
Gniezno;Poland;;2019;18947;18997;19468;20213;21031;PL037C1;3099112
Stargard Szczecinski;Poland;;2019;19429;19348;20152;21196;21779;PL038C1;3084840
Ostrów Wielkopolski;Poland;;2019;20487;21013;22263;24306;24733;PL039C1;3089684
Przemysl;Poland;;2019;13271;13448;13896;14176;14681;PL040C1;761168
Zamosc;Poland;;2019;13787;13843;13999;14101;14764;PL041C1;753866
Chelm;Poland;;2019;13787;13843;13999;14101;14764;PL042C1;774558
Pabianice;Poland;;2019;20259;20477;21494;22844;23302;PL043C1;3089578
Glogów;Poland;;2019;42356;38675;38322;38971;37686;PL044C1;3099213
Stalowa Wola;Poland;;2019;17810;18731;19197;19969;20794;PL045C1;758445
Tomaszów Mazowiecki;Poland;;2019;23915;23875;24519;25506;26348;PL046C1;756867
Lomza;Poland;;2019;15550;16445;16993;17347;17822;PL047C1;766027
Leszno;Poland;;2019;21449;22166;22954;23974;24767;PL048C1;3093524
Swidnica;Poland;;2019;18025;18106;19106;19852;20623;PL049C1;3084093
Zgierz;Poland;;2019;20259;20477;21494;22844;23302;PL050C1;3080251
Tczew;Poland;;2019;19451;19712;20782;21377;22201;PL051C1;3083426
Elk;Poland;;2019;14706;14729;15235;15587;16331;PL052C1;772621
Gdynia;Poland;;2019;36422;35819;35669;38093;40007;PL501C1;3099424
Sosnowiec;Poland;;2019;23143;22835;24233;25039;26235;PL502C1;3085128
Gliwice;Poland;;2019;29592;29631;31428;32333;34050;PL503C1;3099230
Zabrze;Poland;;2019;29592;29631;31428;32333;34050;PL504C1;3080985
Bytom;Poland;;2019;18478;18597;19137;19972;20040;PL505C1;3101950
Bielsko-Biala;Poland;;2019;24632;24813;26244;28238;29336;PL506C1;3103402
Ruda Slaska;Poland;;2019;33325;34226;34915;35857;35987;PL507C1;3086800
Rybnik;Poland;;2019;23752;22759;22992;23730;23864;PL508C1;3086586
Tychy;Poland;;2019;35322;33452;33200;34119;35067;PL509C1;3082914
Walbrzych;Poland;;2019;18025;18106;19106;19852;20623;PL511C1;3082707
Elblag;Poland;;2019;16804;16736;17447;18200;18933;PL512C1;3099759
Wloclawek;Poland;;2019;16617;17648;17496;18890;18990;PL513C1;3081741
Tarnów;Poland;;2019;17351;16800;17028;17739;17890;PL514C1;757026
Chorzów;Poland;;2019;33325;34226;34915;35857;35987;PL515C1;3101619
Legnica;Poland;;2019;42356;38675;38322;38971;37686;PL516C1;3093692
Grudziadz;Poland;;2019;16067;16817;17239;17845;18738;PL517C1;3098218
Lisboa;Portugal;;2019;39608;39268;39251;39414;39950;PT001C1;2267057
Porto;Portugal;;2019;26829;26598;27293;27876;28955;PT002C1;2735943
Braga;Portugal;;2019;22423;22585;23261;23771;25138;PT003C1;2742032
Funchal;Portugal;;2019;27056;27046;27669;28117;29445;PT004C1;2267827
Coimbra;Portugal;;2019;25889;25745;25781;26937;27781;PT005C1;2740637
Setúbal;Portugal;;2019;39608;39268;39251;39414;39950;PT006C1;2262963
Ponta Delgada;Portugal;;2019;26202;26037;26184;26600;27205;PT007C1;6941014
Aveiro;Portugal;;2019;26997;26788;27587;28843;29797;PT008C1;2742611
Faro;Portugal;;2019;28768;28525;29606;30544;32382;PT009C1;2268339
Seixal;Portugal;;2019;39608;39268;39251;39414;39950;PT010C1;7732032
Amadora;Portugal;;2019;39608;39268;39251;39414;39950;PT011C1;2271772
Almada;Portugal;;2019;39608;39268;39251;39414;39950;PT012C1;2271961
Odivelas;Portugal;;2019;39608;39268;39251;39414;39950;PT013C1;2265467
Viseu;Portugal;;2019;22372;22478;22234;22764;22622;PT014C1;2732265
Valongo;Portugal;;2019;26829;26598;27293;27876;28955;PT015C1;2732978
Viana do Castelo;Portugal;;2019;21492;22223;22346;22297;23094;PT016C1;2732773
Paredes;Portugal;;2019;26829;26598;27293;27876;28955;PT017C1;2736657
Barreiro;Portugal;;2019;39608;39268;39251;39414;39950;PT018C1;2271071
Póvoa de Varzim;Portugal;;2019;26829;26598;27293;27876;28955;PT019C1;2735787
Sintra;Portugal;;2019;39608;39268;39251;39414;39950;PT501C1;2262912
Vila Nova de Gaia;Portugal;;2019;26829;26598;27293;27876;28955;PT502C1;2732544
Matosinhos;Portugal;;2019;26829;26598;27293;27876;28955;PT503C1;2737824
Gondomar;Portugal;;2019;26829;26598;27293;27876;28955;PT504C1;2738925
Guimarães;Portugal;;2019;22639;22954;23813;25092;25320;PT505C1;2738752
Vila Franca de Xira;Portugal;;2019;39608;39268;39251;39414;39950;PT508C1;2261639
Bucuresti;Romania;;2019;48925;51821;53448;58162;59892;RO001C1;683506
Cluj-Napoca;Romania;;2019;24042;24863;26347;26796;30150;RO002C1;681290
Timisoara;Romania;;2019;25474;26815;26559;29059;30893;RO003C1;665087
Craiova;Romania;;2019;14763;15052;15853;16161;16717;RO004C1;680332
Braila;Romania;;2019;14136;14777;14598;15108;16284;RO005C1;683902
Oradea;Romania;;2019;14753;15175;16490;17101;18177;RO006C1;671768
Bacau;Romania;;2019;13326;12836;13202;14031;14408;RO007C1;685948
Arad;Romania;;2019;19464;20013;20064;21721;23203;RO008C1;686254
Sibiu;Romania;;2019;21312;21367;21466;23269;25944;RO009C1;667268
Târgu Mures;Romania;;2019;15543;15556;16482;17229;17588;RO010C1;665004
Piatra Neamt;Romania;;2019;11525;11909;11994;12857;13636;RO011C1;670889
Calarasi;Romania;;2019;10674;13283;11138;11511;12018;RO012C1;683022
Giurgiu;Romania;;2019;8582;10602;9642;10304;10180;RO013C1;677106
Alba Iulia;Romania;;2019;19164;19059;20036;20999;22261;RO014C1;686578
Focsani;Romania;;2019;11804;12279;12384;13100;13702;RO015C1;678015
Târgu Jiu;Romania;;2019;19984;20174;18544;20645;21935;RO016C1;665010
Tulcea;Romania;;2019;15070;15776;15391;16234;17290;RO017C1;664518
Târgoviste;Romania;;2019;14323;13410;14100;15399;16019;RO018C1;665024
Slatina;Romania;;2019;11674;11856;12393;12493;13259;RO019C1;666767
Bârlad;Romania;;2019;9600;9391;9540;9760;10672;RO020C1;684802
Roman;Romania;;2019;11525;11909;11994;12857;13636;RO021C1;668732
Bistrita;Romania;;2019;14868;14322;14725;15886;17000;RO022C1;684657
Constanta;Romania;;2019;24974;28054;30652;28939;29756;RO501C1;680963
Iasi;Romania;;2019;14750;15851;16272;16643;17654;RO502C1;675810
Galati;Romania;;2019;13784;14463;14844;14517;14706;RO503C1;677697
Brasov;Romania;;2019;23806;24096;24677;25575;27986;RO504C1;683844
Ploiesti;Romania;;2019;19555;21345;28578;24638;27293;RO505C1;670474
Pitesti;Romania;;2019;16706;17445;18348;19154;20562;RO506C1;670609
Baia Mare;Romania;;2019;13404;13409;14248;15421;15728;RO507C1;685826
Buzau;Romania;;2019;12651;13584;13306;14236;14312;RO508C1;683123
Satu Mare;Romania;;2019;13527;14377;14687;15243;16145;RO509C1;667873
Botosani;Romania;;2019;9425;10354;10212;10478;11084;RO510C1;684039
Râmnicu Vâlcea;Romania;;2019;14950;15039;14687;16265;16714;RO511C1;668872
Suceava;Romania;;2019;11356;11773;12107;12188;13018;RO512C1;665850
Drobeta-Turnu Severin;Romania;;2019;11410;11205;11428;12124;13025;RO513C1;678817
Stockholm;Sweden;;2019;65215;64986;66750;69156;68820;SE001C1;2673730
Göteborg;Sweden;;2019;45257;45919;47100;49547;50726;SE002C1;2711537
Malmö;Sweden;;2019;39563;39704;40654;42174;42107;SE003C1;2692969
Jönköping;Sweden;;2019;40411;40508;41205;42352;44121;SE004C1;2702979
Umeå;Sweden;;2019;40825;40015;40047;41704;42652;SE005C1;602150
Uppsala;Sweden;;2019;43536;45001;45212;46197;47913;SE006C1;2666199
Linköping;Sweden;;2019;40880;41238;41908;42871;43292;SE007C1;2694762
Örebro;Sweden;;2019;41681;40707;40967;41177;42925;SE008C1;2686657
Västerås;Sweden;;2019;39267;39577;39259;41727;41457;SE501C1;2664454
Norrköping;Sweden;;2019;40880;41238;41908;42871;43292;SE502C1;2688368
Helsingborg;Sweden;;2019;39563;39704;40654;42174;42107;SE503C1;2706767
Lund;Sweden;;2019;39563;39704;40654;42174;42107;SE504C1;2693678
Borås;Sweden;;2019;45257;45919;47100;49547;50726;SE505C1;2720501
Ljubljana;Slovenia;;2019;44161;43157;44015;44567;46135;SI001C1;3196359
Maribor;Slovenia;;2019;25252;24911;25823;26097;26685;SI002C1;3195506
Bratislava;Slovakia;;2019;68082;70002;69971;73559;74976;SK001C1;3060972
Košice;Slovakia;;2019;21658;21748;22563;24191;23991;SK002C1;724443
Banská Bystrica;Slovakia;;2019;19458;19955;20125;21520;21993;SK003C1;3061186
Nitra;Slovakia;;2019;24401;23922;24424;24820;25713;SK004C1;3058531
Prešov;Slovakia;;2019;16364;16246;16975;17917;18482;SK005C1;723819
Žilina;Slovakia;;2019;23991;23746;24923;26224;26409;SK006C1;3056508
Trnava;Slovakia;;2019;30868;30546;32036;31874;33116;SK007C1;3057124
Trencín;Slovakia;;2019;24049;23709;24396;25539;25385;SK008C1;3057140
Birmingham;Great Britain;;2019;33645;35560;36318;36448;37540;UK002C1;2655603
Leeds;Great Britain;;2019;47392;47251;47824;49223;48171;UK003C1;2644688
Glasgow;Great Britain;;2019;48623;49612;49426;49029;49093;UK004C1;2648579
Bradford;Great Britain;;2019;26806;26915;26184;27061;27477;UK005C1;2654993
Liverpool;Great Britain;;2019;40372;39984;41238;41579;41040;UK006C1;2644210
Edinburgh;Great Britain;;2019;64766;65817;66436;66793;69683;UK007C1;2650225
Manchester;Great Britain;;2019;56993;55867;57077;58035;59925;UK008C1;2643123
Cardiff;Great Britain;;2019;40598;41170;41327;42207;43209;UK009C1;2653822
Sheffield;Great Britain;;2019;33482;33596;33390;33586;33130;UK010C1;2638077
Bristol;Great Britain;;2019;44840;44657;46346;46230;48125;UK011C1;2654675
Belfast;Great Britain;;2019;51891;52997;53426;55584;57230;UK012C1;2655984
Newcastle upon Tyne;Great Britain;;2019;35125;33623;33884;34223;34479;UK013C1;2641673
Leicester;Great Britain;;2019;32876;33283;34664;35649;36531;UK014C1;2644668
Derry;Great Britain;;2019;24859;25064;24757;24149;26457;UK015C1;2643736
Aberdeen;Great Britain;;2019;62183;64656;65356;62782;57109;UK016C1;2657832
Cambridge;Great Britain;;2019;42172;42042;42943;44450;44823;UK017C1;2653941
Exeter;Great Britain;;2019;32284;32720;32698;33605;33779;UK018C1;2649808
Lincoln;Great Britain;;2019;29055;29960;29892;30082;29520;UK019C1;2644487
Gravesham;Great Britain;;2019;31948;33305;34035;34809;36594;UK020C1;2648187
Stevenage;Great Britain;;2019;42900;44752;46129;47683;48866;UK021C1;2636940
Wrexham;Great Britain;;2019;34594;34714;33995;35450;35667;UK022C1;2633485
Portsmouth;Great Britain;;2019;40932;41470;41835;40852;39959;UK023C1;2639996
Worcester;Great Britain;;2019;32713;33216;33842;34765;33474;UK024C1;2633563
Coventry;Great Britain;;2019;39428;39316;41356;43056;43359;UK025C1;2652221
Kingston-upon-Hull;Great Britain;;2019;34731;34517;34195;35349;35857;UK026C1;2645425
Stoke-on-trent;Great Britain;;2019;29813;30488;30403;30611;31251;UK027C1;2636841
Wolverhampton;Great Britain;;2019;31403;30938;28554;26188;26810;UK028C1;2633691
Nottingham;Great Britain;;2019;45044;45565;47561;47510;46448;UK029C1;2641170
Wirral;Great Britain;;2019;22662;21879;22953;24348;23200;UK030C1;2411585
Bath and North East Somerset;Great Britain;;2019;42120;42480;45071;43899;44894;UK031C1;3333123
Thurrock;Great Britain;;2019;31631;30363;31929;33898;36533;UK032C1;2635885
Guildford;Great Britain;;2019;53106;53978;56486;58294;57419;UK033C1;2647793
Thanet;Great Britain;;2019;27891;28085;28301;28493;28370;UK034C1;2638703
Nuneaton and Bedworth;Great Britain;;2019;42635;45339;46763;48917;48884;UK035C1;7290647
Fareham;Great Britain;;2019;34921;35302;37812;36879;36709;UK036C1;2649660
Waveney;Great Britain;;2019;35323;36671;36721;36649;37496;UK038C1;7290638
Tunbridge Wells;Great Britain;;2019;43930;43466;43750;46880;48291;UK040C1;2639022
Ashford;Great Britain;;2019;33665;34322;35337;36354;37357;UK041C1;2656955
East Staffordshire;Great Britain;;2019;29768;30161;30505;31901;31536;UK043C1;2650337
Darlington;Great Britain;;2019;35960;39224;40820;42944;39307;UK044C1;2651513
Worthing;Great Britain;;2019;33451;33278;32289;33972;35204;UK045C1;2633521
Mansfield;Great Britain;;2019;27404;28219;28439;28777;28774;UK046C1;2643097
Chesterfield;Great Britain;;2019;27932;27426;28599;30384;30739;UK047C1;2653225
Burnley;Great Britain;;2019;29816;30942;30925;33724;34020;UK050C1;2654264
Great Yarmouth;Great Britain;;2019;35606;37320;37374;38062;37746;UK051C1;2647984
Woking;Great Britain;;2019;53106;53978;56486;58294;57419;UK052C1;2633709
Hartlepool;Great Britain;;2019;32592;32833;33254;34378;34714;UK053C1;2647400
Cannock Chase;Great Britain;;2019;29768;30161;30505;31901;31536;UK054C1;2653883
Eastbourne;Great Britain;;2019;22943;23196;23729;24731;25492;UK055C1;2650497
Hastings;Great Britain;;2019;22943;23196;23729;24731;25492;UK056C1;2647356
Hyndburn;Great Britain;;2019;29816;30942;30925;33724;34020;UK057C1;7290579
Redditch;Great Britain;;2019;32713;33216;33842;34765;33474;UK059C1;2639557
Tamworth;Great Britain;;2019;29768;30161;30505;31901;31536;UK060C1;2636276
Harlow;Great Britain;;2019;37721;37482;36775;38917;41011;UK061C1;2647461
Halton;Great Britain;;2019;31625;32489;33562;34458;34399;UK062C1;2647601
City of London;Great Britain;;2019;516495;533602;545425;555489;581005;UK101C1;2643743
Barking and Dagenham;Great Britain;;2019;30535;31196;31135;30918;30334;UK102C1;3333120
Barnet;Great Britain;;2019;33075;33248;34747;34321;35443;UK103C1;2656295
Bexley;Great Britain;;2019;32588;33879;33678;33921;34888;UK104C1;2655775
Brent;Great Britain;;2019;35686;36263;38260;40845;41760;UK105C1;2654789
Bromley;Great Britain;;2019;36907;36252;35929;35268;37080;UK106C1;2643743
Camden;Great Britain;;2019;516495;533602;545425;555489;581005;UK107C1;3345437
Croydon;Great Britain;;2019;33559;33975;36149;35709;34690;UK108C1;2651817
Ealing;Great Britain;;2019;36873;40001;41004;43130;44329;UK109C1;2643743
Enfield;Great Britain;;2019;32840;33066;33325;34113;34593;UK110C1;2649997
Greenwich;Great Britain;;2019;32588;33879;33678;33921;34888;UK111C1;2643743
Hackney;Great Britain;;2019;31343;30477;31710;33263;36429;UK112C1;2643743
Hammersmith and Fulham;Great Britain;;2019;78865;83725;89675;93066;91314;UK113C1;2643743
Haringey;Great Britain;;2019;65226;66383;69221;70251;68734;UK114C1;2643743
Harrow;Great Britain;;2019;49917;51058;54730;55168;54512;UK115C1;2643743
Havering;Great Britain;;2019;30535;31196;31135;30918;30334;UK116C1;1176995
Hillingdon;Great Britain;;2019;49917;51058;54730;55168;54512;UK117C1;2643743
Hounslow;Great Britain;;2019;69968;72029;76099;79354;80012;UK118C1;2646517
Islington;Great Britain;;2019;65226;66383;69221;70251;68734;UK119C1;2646003
Kensington and Chelsea;Great Britain;;2019;78865;83725;89675;93066;91314;UK120C1;2643743
Kingston upon Thames;Great Britain;;2019;38348;38094;39052;39249;40610;UK121C1;2643743
Lambeth;Great Britain;;2019;56986;53927;59322;59179;60593;UK122C1;2418362
Lewisham;Great Britain;;2019;55806;55972;53983;56224;57376;UK123C1;3190813
Merton;Great Britain;;2019;38348;38094;39052;39249;40610;UK124C1;2643743
Newham;Great Britain;;2019;31343;30477;31710;33263;36429;UK125C1;4945055
Redbridge;Great Britain;;2019;23742;23470;23982;24943;24703;UK126C1;2965529
Richmond upon Thames;Great Britain;;2019;69968;72029;76099;79354;80012;UK127C1;2643743
Southwark;Great Britain;;2019;55806;55972;53983;56224;57376;UK128C1;2643743
Sutton;Great Britain;;2019;38348;38094;39052;39249;40610;UK129C1;2636503
Tower Hamlets;Great Britain;;2019;170632;170240;169866;167798;164855;UK130C1;2643743
Waltham Forest;Great Britain;;2019;23742;23470;23982;24943;24703;UK131C1;2643743
Wandsworth;Great Britain;;2019;33521;33798;36050;38122;37634;UK132C1;5175496
Westminster;Great Britain;;2019;384819;384377;397496;384741;407641;UK133C1;2634341
Kirklees;Great Britain;;2019;25639;26195;27620;28676;28849;UK501C1;3333161
North Lanarkshire;Great Britain;;2019;27865;28860;31871;31928;32364;UK502C1;3333233
Wakefield;Great Britain;;2019;31037;31762;30451;31914;32638;UK503C1;2634910
Dudley;Great Britain;;2019;23647;23514;23708;24285;24968;UK504C1;2650839
Wigan;Great Britain;;2019;24753;26083;26291;27400;27384;UK505C1;2633948
Doncaster;Great Britain;;2019;24553;24745;25278;26405;26507;UK506C1;2651123
Stockport;Great Britain;;2019;28716;28716;28610;28710;28855;UK507C1;2636882
Sefton;Great Britain;;2019;21208;21316;21861;22248;23432;UK508C1;3333192
Sandwell;Great Britain;;2019;23558;23921;25968;27065;27683;UK509C1;3333191
Sunderland;Great Britain;;2019;33482;37211;38507;39161;38880;UK510C1;2636531
Bolton;Great Britain;;2019;24753;26083;26291;27400;27384;UK511C1;2655237
Walsall;Great Britain;;2019;23421;23013;24698;25193;25894;UK512C1;2634853
Medway;Great Britain;;2019;28168;27871;28227;28734;28804;UK513C1;3333170
Rotherham;Great Britain;;2019;24553;24745;25278;26405;26507;UK514C1;2639093
Brighton and Hove;Great Britain;;2019;38557;40485;41370;41799;42095;UK515C1;3333133
Plymouth;Great Britain;;2019;30027;30310;30720;30744;31690;UK516C1;2640194
Swansea;Great Britain;;2019;30720;31755;34041;32446;33872;UK517C1;2636432
Derby;Great Britain;;2019;42786;42896;41989;42931;41822;UK518C1;2651347
Barnsley;Great Britain;;2019;24553;24745;25278;26405;26507;UK519C1;2656284
Southampton;Great Britain;;2019;47380;46893;45995;48007;46532;UK520C1;2637487
Oldham;Great Britain;;2019;23481;24028;23458;24622;24396;UK521C1;2641022
Salford;Great Britain;;2019;46340;49397;49408;50120;49804;UK522C1;2638671
Tameside;Great Britain;;2019;28716;28716;28610;28710;28855;UK523C1;3186781
Trafford;Great Britain;;2019;46340;49397;49408;50120;49804;UK524C1;2643123
Milton Keynes;Great Britain;;2019;63032;65632;70930;76469;73715;UK525C1;2642465
Rochdale;Great Britain;;2019;23481;24028;23458;24622;24396;UK526C1;2639272
Solihull;Great Britain;;2019;50243;51109;51962;57537;64723;UK527C1;2637546
Northampton;Great Britain;;2019;40221;42218;42799;43613;43908;UK528C1;2641430
North Tyneside;Great Britain;;2019;35125;33623;33884;34223;34479;UK529C1;2641238
Gateshead;Great Britain;;2019;35125;33623;33884;34223;34479;UK530C1;2648773
Warrington;Great Britain;;2019;47041;48704;50794;53915;52914;UK531C1;2634739
Luton;Great Britain;;2019;33756;36752;40705;41723;43241;UK532C1;2643339
York;Great Britain;;2019;46067;45864;45353;44652;44523;UK533C1;2633352
Bury;Great Britain;;2019;23481;24028;23458;24622;24396;UK534C1;2654187
Swindon;Great Britain;;2019;59594;63448;64060;68433;69070;UK535C1;2636389
Stockton-on-Tees;Great Britain;;2019;32592;32833;33254;34378;34714;UK536C1;2636876
St. Helens;Great Britain;;2019;31625;32489;33562;34458;34399;UK537C1;2638785
Basildon;Great Britain;;2019;31300;32862;34257;33446;33621;UK538C1;2656194
Bournemouth;Great Britain;;2019;37366;38805;38046;38654;39629;UK539C1;2655095
Wycombe;Great Britain;;2019;43007;43183;43416;43203;43331;UK540C1;2646914
Southend-on-Sea;Great Britain;;2019;24495;24136;24588;25033;24116;UK541C1;2637433
Telford and Wrekin;Great Britain;;2019;33464;34096;34171;33964;37770;UK542C1;3333209
North East Lincolnshire;Great Britain;;2019;31389;31096;31748;32743;32855;UK543C1;3333175
Chelmsford;Great Britain;;2019;39722;39279;41619;42326;41052;UK544C1;2653266
Peterborough;Great Britain;;2019;45659;41753;43781;42726;44043;UK545C1;2640354
Colchester;Great Britain;;2019;26516;26244;27022;28151;29296;UK546C1;2652618
South Tyneside;Great Britain;;2019;35125;33623;33884;34223;34479;UK547C1;3333199
Basingstoke and Deane;Great Britain;;2019;56530;58403;57231;58450;57943;UK548C1;7290553
Bedford;Great Britain;;2019;33904;33880;35308;35770;36185;UK549C1;2656046
Dundee City;Great Britain;;2019;32928;32519;32998;32288;32844;UK550C1;2650752
Falkirk;Great Britain;;2019;36305;38166;38049;36564;35684;UK551C1;2649723
Reading;Great Britain;;2019;69858;69615;70188;71980;72563;UK552C1;2639577
Blackpool;Great Britain;;2019;24229;24684;25624;27072;28474;UK553C1;2655459
Maidstone;Great Britain;;2019;33665;34322;35337;36354;37357;UK554C1;2643179
Poole;Great Britain;;2019;37366;38805;38046;38654;39629;UK555C1;2640101
Dacorum;Great Britain;;2019;42900;44752;46129;47683;48866;UK556C1;7290564
Blackburn with Darwen;Great Britain;;2019;26481;27159;28095;31152;32132;UK557C1;3333126
Newport;Great Britain;;2019;35153;34289;34375;35499;36716;UK558C1;2641598
Middlesbrough;Great Britain;;2019;25467;24591;25160;25497;25374;UK559C1;2642607
Oxford;Great Britain;;2019;46422;47039;48787;49821;48109;UK560C1;2640729
Torbay;Great Britain;;2019;23125;24047;24221;23739;23818;UK561C1;3333210
Preston;Great Britain;;2019;42845;41678;42796;44121;46150;UK562C1;2639912
St Albans;Great Britain;;2019;42900;44752;46129;47683;48866;UK563C1;2638867
Warwick;Great Britain;;2019;42635;45339;46763;48917;48884;UK564C1;2634725
Newcastle-under-Lyme;Great Britain;;2019;29768;30161;30505;31901;31536;UK565C1;2641674
Norwich;Great Britain;;2019;35606;37320;37374;38062;37746;UK566C1;2641181
Slough;Great Britain;;2019;69858;69615;70188;71980;72563;UK567C1;2637627
Cheshire West and Chester;Great Britain;;2019;42986;43047;42935;41825;43514;UK568C2;335680
Ipswich;Great Britain;;2019;35323;36671;36721;36649;37496;UK569C1;2646057
Cheltenham;Great Britain;;2019;39850;39099;40304;40547;38503;UK571C1;2653261
Gloucester;Great Britain;;2019;39850;39099;40304;40547;38503;UK572C1;2648404
Bracknell Forest;Great Britain;;2019;69858;69615;70188;71980;72563;UK573C1;2655009
Lisburn;Great Britain;;2019;31744;32966;32440;34254;34119;UK574C1;2644411
Carlisle;Great Britain;;2019;36608;37293;37912;39544;39500;UK575C1;2653775
Crawley;Great Britain;;2019;44274;44347;44772;47549;48137;UK576C1;2652053
