"ID";"Sex";"Regions";"Periods";"PopulationOn1January_1"
"3476";"T001038";"GM1680";"2016JJ00";"   25243"
"3536";"T001038";"GM1000";"2016JJ00";""
"3596";"T001038";"GM0738";"2016JJ00";"   13038"
"3656";"T001038";"GM0358";"2016JJ00";"   31299"
"3716";"T001038";"GM0197";"2016JJ00";"   26912"
"3776";"T001038";"GM0480";"2016JJ00";""
"3836";"T001038";"GM0648";"2016JJ00";""
"3896";"T001038";"GM0739";"2016JJ00";""
"3956";"T001038";"GM0359";"2016JJ00";""
"4016";"T001038";"GM0481";"2016JJ00";""
"4076";"T001038";"GM0305";"2016JJ00";""
"4136";"T001038";"GM0059";"2016JJ00";"   28007"
"4196";"T001038";"GM0001";"2016JJ00";""
"4256";"T001038";"GM0002";"2016JJ00";""
"4316";"T001038";"GM0360";"2016JJ00";""
"4376";"T001038";"GM0482";"2016JJ00";"   19955"
"4436";"T001038";"GM0613";"2016JJ00";"   24985"
"4496";"T001038";"GM0483";"2016JJ00";""
"4556";"T001038";"GM0361";"2016JJ00";"  107615"
"4616";"T001038";"GM0141";"2016JJ00";"   72425"
"4676";"T001038";"GM0034";"2016JJ00";"  198145"
"4736";"T001038";"GM0740";"2016JJ00";""
"4796";"T001038";"GM0484";"2016JJ00";"  107960"
"4856";"T001038";"GM0741";"2016JJ00";""
"4916";"T001038";"GM1723";"2016JJ00";"    9924"
"4976";"T001038";"GM1959";"2016JJ00";""
"5036";"T001038";"GM0142";"2016JJ00";""
"5096";"T001038";"GM1679";"2016JJ00";""
"5156";"T001038";"GM0883";"2016JJ00";""
"5216";"T001038";"GM0485";"2016JJ00";""
"5276";"T001038";"GM0060";"2016JJ00";"    3611"
"5336";"T001038";"GM0306";"2016JJ00";""
"5396";"T001038";"GM0307";"2016JJ00";"  153602"
"5456";"T001038";"GM0486";"2016JJ00";""
"5516";"T001038";"GM0198";"2016JJ00";""
"5576";"T001038";"GM0362";"2016JJ00";"   88602"
"5636";"T001038";"GM0884";"2016JJ00";""
"5696";"T001038";"GM0363";"2016JJ00";"  833624"
"5756";"T001038";"GM0742";"2016JJ00";""
"5816";"T001038";"GM0364";"2016JJ00";""
"5876";"T001038";"GM0199";"2016JJ00";""
"5936";"T001038";"GM1014";"2016JJ00";""
"5996";"T001038";"GM0105";"2016JJ00";""
"6056";"T001038";"GM0366";"2016JJ00";""
"6116";"T001038";"GM0200";"2016JJ00";"  159025"
"6176";"T001038";"GM0201";"2016JJ00";""
"6236";"T001038";"GM0003";"2016JJ00";"   12001"
"6296";"T001038";"GM0885";"2016JJ00";""
"6356";"T001038";"GM0487";"2016JJ00";""
"6416";"T001038";"GM0649";"2016JJ00";""
"6476";"T001038";"GM0202";"2016JJ00";"  153818"
"6536";"T001038";"GM0488";"2016JJ00";""
"6596";"T001038";"GM0106";"2016JJ00";"   67061"
"6656";"T001038";"GM0367";"2016JJ00";""
"6716";"T001038";"GM0743";"2016JJ00";"   16580"
"6776";"T001038";"GM0368";"2016JJ00";""
"6836";"T001038";"GM0143";"2016JJ00";""
"6896";"T001038";"GM0650";"2016JJ00";""
"6956";"T001038";"GM0061";"2016JJ00";""
"7016";"T001038";"GM0651";"2016JJ00";""
"7076";"T001038";"GM0744";"2016JJ00";"    6611"
"7136";"T001038";"GM0308";"2016JJ00";"   24521"
"7196";"T001038";"GM0886";"2016JJ00";""
"7256";"T001038";"GM0004";"2016JJ00";""
"7316";"T001038";"GM0745";"2016JJ00";""
"7376";"T001038";"GM1246";"2016JJ00";""
"7436";"T001038";"GM0489";"2016JJ00";"   47861"
"7496";"T001038";"GM0203";"2016JJ00";"   55441"
"7556";"T001038";"GM0062";"2016JJ00";""
"7616";"T001038";"GM0369";"2016JJ00";""
"7676";"T001038";"GM1017";"2016JJ00";""
"7736";"T001038";"GM0204";"2016JJ00";""
"7796";"T001038";"GM0144";"2016JJ00";""
"7856";"T001038";"GM0005";"2016JJ00";"   10433"
"7916";"T001038";"GM0887";"2016JJ00";""
"7976";"T001038";"GM0888";"2016JJ00";"   16068"
"8036";"T001038";"GM0746";"2016JJ00";""
"8096";"T001038";"GM1954";"2016JJ00";""
"8156";"T001038";"GM0370";"2016JJ00";"    8958"
"8216";"T001038";"GM0747";"2016JJ00";""
"8276";"T001038";"GM0006";"2016JJ00";""
"8336";"T001038";"GM0205";"2016JJ00";""
"8396";"T001038";"GM0889";"2016JJ00";"   13388"
"8456";"T001038";"GM0371";"2016JJ00";""
"8516";"T001038";"GM0107";"2016JJ00";""
"8576";"T001038";"GM0890";"2016JJ00";""
"8636";"T001038";"GM0007";"2016JJ00";"    8971"
"8696";"T001038";"GM1019";"2016JJ00";""
"8756";"T001038";"GM0891";"2016JJ00";""
"8816";"T001038";"GM0206";"2016JJ00";""
"8876";"T001038";"GM0372";"2016JJ00";""
"8936";"T001038";"GM0309";"2016JJ00";""
"8996";"T001038";"GM0490";"2016JJ00";""
"9056";"T001038";"GM1945";"2016JJ00";"   34574"
"9116";"T001038";"GM0892";"2016JJ00";""
"9176";"T001038";"GM0491";"2016JJ00";""
"9236";"T001038";"GM1724";"2016JJ00";"   18253"
"9296";"T001038";"GM0893";"2016JJ00";"   13090"
"9356";"T001038";"GM0373";"2016JJ00";"   29943"
"9416";"T001038";"GM0748";"2016JJ00";"   66237"
"9476";"T001038";"GM0749";"2016JJ00";""
"9536";"T001038";"GM0207";"2016JJ00";""
"9596";"T001038";"GM0208";"2016JJ00";""
"9656";"T001038";"GM0750";"2016JJ00";""
"9716";"T001038";"GM0492";"2016JJ00";""
"9776";"T001038";"GM0493";"2016JJ00";""
"9836";"T001038";"GM0751";"2016JJ00";""
"9896";"T001038";"GM1859";"2016JJ00";"   44437"
"9956";"T001038";"GM0494";"2016JJ00";""
"10016";"T001038";"GM0374";"2016JJ00";""
"10076";"T001038";"GM0752";"2016JJ00";""
"10136";"T001038";"GM1721";"2016JJ00";"   29880"
"10196";"T001038";"GM0568";"2016JJ00";""
"10256";"T001038";"GM0753";"2016JJ00";"   28976"
"10316";"T001038";"GM0209";"2016JJ00";"   25289"
"10376";"T001038";"GM0210";"2016JJ00";""
"10436";"T001038";"GM0375";"2016JJ00";"   40318"
"10496";"T001038";"GM0008";"2016JJ00";""
"10556";"T001038";"GM0652";"2016JJ00";""
"10616";"T001038";"GM1022";"2016JJ00";""
"10676";"T001038";"GM0063";"2016JJ00";"   10525"
"10736";"T001038";"GM0310";"2016JJ00";"   42375"
"10796";"T001038";"GM0894";"2016JJ00";""
"10856";"T001038";"GM0585";"2016JJ00";"   28771"
"10916";"T001038";"GM1728";"2016JJ00";"   19966"
"10976";"T001038";"GM0754";"2016JJ00";""
"11036";"T001038";"GM0145";"2016JJ00";""
"11096";"T001038";"GM0376";"2016JJ00";"    9622"
"11156";"T001038";"GM0495";"2016JJ00";""
"11216";"T001038";"GM0496";"2016JJ00";""
"11276";"T001038";"GM0377";"2016JJ00";"   22296"
"11336";"T001038";"GM0378";"2016JJ00";""
"11396";"T001038";"GM0146";"2016JJ00";""
"11456";"T001038";"GM0055";"2016JJ00";""
"11516";"T001038";"GM0895";"2016JJ00";""
"11576";"T001038";"GM0497";"2016JJ00";""
"11636";"T001038";"GM1901";"2016JJ00";"   33451"
"11696";"T001038";"GM0755";"2016JJ00";"   10254"
"11756";"T001038";"GM0009";"2016JJ00";"    7352"
"11816";"T001038";"GM0064";"2016JJ00";""
"11876";"T001038";"GM1024";"2016JJ00";""
"11936";"T001038";"GM0057";"2016JJ00";""
"11996";"T001038";"GM0211";"2016JJ00";""
"12056";"T001038";"GM0108";"2016JJ00";""
"12116";"T001038";"GM1681";"2016JJ00";"   25371"
"12176";"T001038";"GM0896";"2016JJ00";""
"12236";"T001038";"GM0897";"2016JJ00";""
"12296";"T001038";"GM0147";"2016JJ00";"   22343"
"12356";"T001038";"GM0654";"2016JJ00";"   22612"
"12416";"T001038";"GM1254";"2016JJ00";""
"12476";"T001038";"GM0499";"2016JJ00";""
"12536";"T001038";"GM0379";"2016JJ00";""
"12596";"T001038";"GM0756";"2016JJ00";"   28465"
"12656";"T001038";"GM0757";"2016JJ00";"   30406"
"12716";"T001038";"GM0212";"2016JJ00";""
"12776";"T001038";"GM0500";"2016JJ00";""
"12836";"T001038";"GM0758";"2016JJ00";"  181611"
"12896";"T001038";"GM0194";"2016JJ00";""
"12956";"T001038";"GM0655";"2016JJ00";""
"13016";"T001038";"GM0311";"2016JJ00";""
"13076";"T001038";"GM0501";"2016JJ00";"   16640"
"13136";"T001038";"GM0380";"2016JJ00";""
"13196";"T001038";"GM0898";"2016JJ00";""
"13256";"T001038";"GM1876";"2016JJ00";"   36510"
"13316";"T001038";"GM0656";"2016JJ00";""
"13376";"T001038";"GM0657";"2016JJ00";""
"13436";"T001038";"GM0213";"2016JJ00";"   20938"
"13496";"T001038";"GM0899";"2016JJ00";"   28448"
"13556";"T001038";"GM0759";"2016JJ00";""
"13616";"T001038";"GM0900";"2016JJ00";""
"13676";"T001038";"GM0312";"2016JJ00";"   14773"
"13736";"T001038";"GM0313";"2016JJ00";"   20823"
"13796";"T001038";"GM0214";"2016JJ00";"   26202"
"13856";"T001038";"GM1035";"2016JJ00";""
"13916";"T001038";"GM0381";"2016JJ00";""
"13976";"T001038";"GM0215";"2016JJ00";""
"14036";"T001038";"GM0901";"2016JJ00";""
"14096";"T001038";"GM0658";"2016JJ00";""
"14156";"T001038";"GM0382";"2016JJ00";""
"14216";"T001038";"GM0502";"2016JJ00";"   66486"
"14276";"T001038";"GM0383";"2016JJ00";"   34604"
"14336";"T001038";"GM0760";"2016JJ00";""
"14396";"T001038";"GM0659";"2016JJ00";""
"14456";"T001038";"GM0109";"2016JJ00";"   35381"
"14516";"T001038";"GM0314";"2016JJ00";""
"14576";"T001038";"GM1706";"2016JJ00";"   20660"
"14636";"T001038";"GM0611";"2016JJ00";"   12755"
"14696";"T001038";"GM1684";"2016JJ00";"   24608"
"14756";"T001038";"GM0761";"2016JJ00";""
"14816";"T001038";"GM0216";"2016JJ00";"   27644"
"14876";"T001038";"GM0110";"2016JJ00";""
"14936";"T001038";"GM0148";"2016JJ00";"   27916"
"14996";"T001038";"GM0065";"2016JJ00";""
"15056";"T001038";"GM1891";"2016JJ00";"   19015"
"15116";"T001038";"GM0217";"2016JJ00";""
"15176";"T001038";"GM0503";"2016JJ00";"  101034"
"15236";"T001038";"GM0010";"2016JJ00";"   25068"
"15296";"T001038";"GM0149";"2016JJ00";""
"15356";"T001038";"GM0762";"2016JJ00";"   31878"
"15416";"T001038";"GM0150";"2016JJ00";"   98869"
"15476";"T001038";"GM0218";"2016JJ00";""
"15536";"T001038";"GM0384";"2016JJ00";"   26840"
"15596";"T001038";"GM0151";"2016JJ00";""
"15656";"T001038";"GM0152";"2016JJ00";""
"15716";"T001038";"GM0763";"2016JJ00";""
"15776";"T001038";"GM0111";"2016JJ00";""
"15836";"T001038";"GM1774";"2016JJ00";"   26120"
"15896";"T001038";"GM0764";"2016JJ00";""
"15956";"T001038";"GM1044";"2016JJ00";""
"16016";"T001038";"GM0219";"2016JJ00";""
"16076";"T001038";"GM0504";"2016JJ00";""
"16136";"T001038";"GM0220";"2016JJ00";""
"16196";"T001038";"GM0221";"2016JJ00";"   11336"
"16256";"T001038";"GM0222";"2016JJ00";"   56827"
"16316";"T001038";"GM0066";"2016JJ00";""
"16376";"T001038";"GM0660";"2016JJ00";""
"16436";"T001038";"GM0766";"2016JJ00";"   25413"
"16496";"T001038";"GM0058";"2016JJ00";"   23932"
"16556";"T001038";"GM0067";"2016JJ00";""
"16616";"T001038";"GM0315";"2016JJ00";""
"16676";"T001038";"GM0223";"2016JJ00";""
"16736";"T001038";"GM0505";"2016JJ00";"  118801"
"16796";"T001038";"GM0498";"2016JJ00";"   19400"
"16856";"T001038";"GM1047";"2016JJ00";""
"16916";"T001038";"GM0224";"2016JJ00";""
"16976";"T001038";"GM0316";"2016JJ00";""
"17036";"T001038";"GM0506";"2016JJ00";""
"17096";"T001038";"GM0661";"2016JJ00";""
"17156";"T001038";"GM1719";"2016JJ00";"   26815"
"17216";"T001038";"GM0303";"2016JJ00";"   40592"
"17276";"T001038";"GM0767";"2016JJ00";""
"17336";"T001038";"GM0225";"2016JJ00";"   18407"
"17396";"T001038";"GM0507";"2016JJ00";""
"17456";"T001038";"GM0662";"2016JJ00";""
"17516";"T001038";"GM0226";"2016JJ00";"   25433"
"17576";"T001038";"GM1050";"2016JJ00";""
"17636";"T001038";"GM0768";"2016JJ00";""
"17696";"T001038";"GM0769";"2016JJ00";""
"17756";"T001038";"GM0112";"2016JJ00";""
"17816";"T001038";"GM0902";"2016JJ00";""
"17876";"T001038";"GM0227";"2016JJ00";""
"17936";"T001038";"GM1711";"2016JJ00";"   31943"
"17996";"T001038";"GM1315";"2016JJ00";""
"18056";"T001038";"GM0385";"2016JJ00";"   35465"
"18116";"T001038";"GM0228";"2016JJ00";"  112427"
"18176";"T001038";"GM0113";"2016JJ00";""
"18236";"T001038";"GM0317";"2016JJ00";"    8877"
"18296";"T001038";"GM1651";"2016JJ00";"   15815"
"18356";"T001038";"GM0011";"2016JJ00";""
"18416";"T001038";"GM0770";"2016JJ00";"   18551"
"18476";"T001038";"GM0771";"2016JJ00";""
"18536";"T001038";"GM0357";"2016JJ00";""
"18596";"T001038";"GM0386";"2016JJ00";""
"18656";"T001038";"GM0387";"2016JJ00";""
"18716";"T001038";"GM0229";"2016JJ00";""
"18776";"T001038";"GM0904";"2016JJ00";""
"18836";"T001038";"GM0905";"2016JJ00";""
"18896";"T001038";"GM1903";"2016JJ00";"   25123"
"18956";"T001038";"GM0772";"2016JJ00";"  224755"
"19016";"T001038";"GM0230";"2016JJ00";"   22929"
"19076";"T001038";"GM1053";"2016JJ00";""
"19136";"T001038";"GM1054";"2016JJ00";""
"19196";"T001038";"GM0663";"2016JJ00";""
"19256";"T001038";"GM0903";"2016JJ00";""
"19316";"T001038";"GM0231";"2016JJ00";""
"19376";"T001038";"GM1055";"2016JJ00";""
"19436";"T001038";"GM0114";"2016JJ00";"  107584"
"19496";"T001038";"GM0773";"2016JJ00";""
"19556";"T001038";"GM0774";"2016JJ00";""
"19616";"T001038";"GM0388";"2016JJ00";"   18455"
"19676";"T001038";"GM0153";"2016JJ00";"  158351"
"19736";"T001038";"GM0232";"2016JJ00";"   32282"
"19796";"T001038";"GM0233";"2016JJ00";"   26507"
"19856";"T001038";"GM0775";"2016JJ00";""
"19916";"T001038";"GM0776";"2016JJ00";""
"19976";"T001038";"GM0234";"2016JJ00";""
"20036";"T001038";"GM1251";"2016JJ00";""
"20096";"T001038";"GM0777";"2016JJ00";"   42832"
"20156";"T001038";"GM0508";"2016JJ00";""
"20216";"T001038";"GM0235";"2016JJ00";""
"20276";"T001038";"GM0012";"2016JJ00";""
"20336";"T001038";"GM0068";"2016JJ00";""
"20396";"T001038";"GM1722";"2016JJ00";"    8701"
"20456";"T001038";"GM0778";"2016JJ00";""
"20516";"T001038";"GM0013";"2016JJ00";""
"20576";"T001038";"GM0069";"2016JJ00";""
"20636";"T001038";"GM0070";"2016JJ00";"   20265"
"20696";"T001038";"GM1921";"2016JJ00";""
"20756";"T001038";"GM1940";"2016JJ00";"   51265"
"20816";"T001038";"GM0071";"2016JJ00";""
"20876";"T001038";"GM0653";"2016JJ00";""
"20936";"T001038";"GM0115";"2016JJ00";""
"20996";"T001038";"GM0779";"2016JJ00";"   21630"
"21056";"T001038";"GM0509";"2016JJ00";""
"21116";"T001038";"GM0780";"2016JJ00";""
"21176";"T001038";"GM0236";"2016JJ00";"   26346"
"21236";"T001038";"GM0781";"2016JJ00";""
"21296";"T001038";"GM1771";"2016JJ00";"   38893"
"21356";"T001038";"GM0906";"2016JJ00";""
"21416";"T001038";"GM0782";"2016JJ00";""
"21476";"T001038";"GM1652";"2016JJ00";"   29647"
"21536";"T001038";"GM0237";"2016JJ00";""
"21596";"T001038";"GM0238";"2016JJ00";""
"21656";"T001038";"GM0154";"2016JJ00";""
"21716";"T001038";"GM0907";"2016JJ00";"   17085"
"21776";"T001038";"GM0908";"2016JJ00";""
"21836";"T001038";"GM0783";"2016JJ00";""
"21896";"T001038";"GM0510";"2016JJ00";""
"21956";"T001038";"GM0689";"2016JJ00";"   14544"
"22016";"T001038";"GM0116";"2016JJ00";""
"22076";"T001038";"GM0155";"2016JJ00";""
"22136";"T001038";"GM0784";"2016JJ00";"   26152"
"22196";"T001038";"GM0511";"2016JJ00";""
"22256";"T001038";"GM1924";"2016JJ00";"   48321"
"22316";"T001038";"GM0664";"2016JJ00";"   37207"
"22376";"T001038";"GM0785";"2016JJ00";"   23111"
"22436";"T001038";"GM1942";"2016JJ00";"   56696"
"22496";"T001038";"GM0156";"2016JJ00";""
"22556";"T001038";"GM0512";"2016JJ00";"   35260"
"22616";"T001038";"GM0239";"2016JJ00";""
"22676";"T001038";"GM0513";"2016JJ00";"   71189"
"22736";"T001038";"GM0514";"2016JJ00";""
"22796";"T001038";"GM0515";"2016JJ00";""
"22856";"T001038";"GM0516";"2016JJ00";""
"22916";"T001038";"GM0693";"2016JJ00";""
"22976";"T001038";"GM0665";"2016JJ00";""
"23036";"T001038";"GM0389";"2016JJ00";""
"23096";"T001038";"GM0365";"2016JJ00";""
"23156";"T001038";"GM0157";"2016JJ00";""
"23216";"T001038";"GM0909";"2016JJ00";""
"23276";"T001038";"GM0786";"2016JJ00";"   12643"
"23336";"T001038";"GM0390";"2016JJ00";""
"23396";"T001038";"GM0517";"2016JJ00";""
"23456";"T001038";"GM0518";"2016JJ00";"  519988"
"23516";"T001038";"GM0787";"2016JJ00";""
"23576";"T001038";"GM0666";"2016JJ00";""
"23636";"T001038";"GM0519";"2016JJ00";""
"23696";"T001038";"GM0910";"2016JJ00";""
"23756";"T001038";"GM0016";"2016JJ00";""
"23816";"T001038";"GM1067";"2016JJ00";""
"23876";"T001038";"GM0667";"2016JJ00";""
"23936";"T001038";"GM0240";"2016JJ00";""
"23996";"T001038";"GM0241";"2016JJ00";""
"24056";"T001038";"GM0014";"2016JJ00";"  200952"
"24116";"T001038";"GM0911";"2016JJ00";""
"24176";"T001038";"GM0520";"2016JJ00";""
"24236";"T001038";"GM0391";"2016JJ00";""
"24296";"T001038";"GM0015";"2016JJ00";"   12155"
"24356";"T001038";"GM0912";"2016JJ00";""
"24416";"T001038";"GM0913";"2016JJ00";""
"24476";"T001038";"GM1729";"2016JJ00";"   14508"
"24536";"T001038";"GM0242";"2016JJ00";""
"24596";"T001038";"GM0158";"2016JJ00";"   24332"
"24656";"T001038";"GM1068";"2016JJ00";""
"24716";"T001038";"GM0788";"2016JJ00";"   13570"
"24776";"T001038";"GM0392";"2016JJ00";"  158140"
"24836";"T001038";"GM0393";"2016JJ00";"    5578"
"24896";"T001038";"GM0394";"2016JJ00";"  144518"
"24956";"T001038";"GM0521";"2016JJ00";""
"25016";"T001038";"GM0914";"2016JJ00";""
"25076";"T001038";"GM0522";"2016JJ00";""
"25136";"T001038";"GM1655";"2016JJ00";"   29531"
"25196";"T001038";"GM0789";"2016JJ00";""
"25256";"T001038";"GM0159";"2016JJ00";""
"25316";"T001038";"GM0790";"2016JJ00";""
"25376";"T001038";"GM0160";"2016JJ00";"   59687"
"25436";"T001038";"GM0243";"2016JJ00";"   45966"
"25496";"T001038";"GM0523";"2016JJ00";"   17774"
"25556";"T001038";"GM0017";"2016JJ00";"   19076"
"25616";"T001038";"GM0395";"2016JJ00";""
"25676";"T001038";"GM0072";"2016JJ00";"   15813"
"25736";"T001038";"GM0318";"2016JJ00";""
"25796";"T001038";"GM0073";"2016JJ00";""
"25856";"T001038";"GM0161";"2016JJ00";""
"25916";"T001038";"GM0244";"2016JJ00";"   11890"
"25976";"T001038";"GM0117";"2016JJ00";""
"26036";"T001038";"GM0524";"2016JJ00";""
"26096";"T001038";"GM0245";"2016JJ00";""
"26156";"T001038";"GM1937";"2016JJ00";""
"26216";"T001038";"GM0915";"2016JJ00";""
"26276";"T001038";"GM0396";"2016JJ00";"   39299"
"26336";"T001038";"GM0397";"2016JJ00";"   26766"
"26396";"T001038";"GM0525";"2016JJ00";""
"26456";"T001038";"GM0916";"2016JJ00";""
"26516";"T001038";"GM0669";"2016JJ00";""
"26576";"T001038";"GM0670";"2016JJ00";""
"26636";"T001038";"GM0246";"2016JJ00";"   18556"
"26696";"T001038";"GM0671";"2016JJ00";""
"26756";"T001038";"GM0074";"2016JJ00";"   50290"
"26816";"T001038";"GM0247";"2016JJ00";""
"26876";"T001038";"GM0398";"2016JJ00";"   53927"
"26936";"T001038";"GM0526";"2016JJ00";""
"26996";"T001038";"GM0917";"2016JJ00";"   87406"
"27056";"T001038";"GM0791";"2016JJ00";""
"27116";"T001038";"GM1072";"2016JJ00";""
"27176";"T001038";"GM0792";"2016JJ00";""
"27236";"T001038";"GM0793";"2016JJ00";""
"27296";"T001038";"GM1658";"2016JJ00";"   15650"
"27356";"T001038";"GM0019";"2016JJ00";""
"27416";"T001038";"GM0527";"2016JJ00";""
"27476";"T001038";"GM0399";"2016JJ00";"   22689"
"27536";"T001038";"GM0528";"2016JJ00";""
"27596";"T001038";"GM0672";"2016JJ00";""
"27656";"T001038";"GM0162";"2016JJ00";""
"27716";"T001038";"GM1074";"2016JJ00";""
"27776";"T001038";"GM1075";"2016JJ00";""
"27836";"T001038";"GM0918";"2016JJ00";""
"27896";"T001038";"GM0400";"2016JJ00";"   56275"
"27956";"T001038";"GM0163";"2016JJ00";"   35651"
"28016";"T001038";"GM0530";"2016JJ00";"   38634"
"28076";"T001038";"GM0794";"2016JJ00";"   90127"
"28136";"T001038";"GM0795";"2016JJ00";""
"28196";"T001038";"GM0075";"2016JJ00";""
"28256";"T001038";"GM0531";"2016JJ00";"   29408"
"28316";"T001038";"GM0248";"2016JJ00";""
"28376";"T001038";"GM0164";"2016JJ00";"   81075"
"28436";"T001038";"GM0076";"2016JJ00";""
"28496";"T001038";"GM0401";"2016JJ00";""
"28556";"T001038";"GM1078";"2016JJ00";""
"28616";"T001038";"GM0919";"2016JJ00";""
"28676";"T001038";"GM0796";"2016JJ00";"  151608"
"28736";"T001038";"GM0249";"2016JJ00";""
"28796";"T001038";"GM0250";"2016JJ00";""
"28856";"T001038";"GM0251";"2016JJ00";""
"28916";"T001038";"GM0533";"2016JJ00";""
"28976";"T001038";"GM0252";"2016JJ00";"   16360"
"29036";"T001038";"GM0797";"2016JJ00";"   43274"
"29096";"T001038";"GM0920";"2016JJ00";""
"29156";"T001038";"GM0534";"2016JJ00";"   21089"
"29216";"T001038";"GM0798";"2016JJ00";"   15164"
"29276";"T001038";"GM0402";"2016JJ00";"   87830"
"29336";"T001038";"GM0077";"2016JJ00";""
"29396";"T001038";"GM0673";"2016JJ00";""
"29456";"T001038";"GM0674";"2016JJ00";""
"29516";"T001038";"GM1963";"2016JJ00";""
"29576";"T001038";"GM0319";"2016JJ00";""
"29636";"T001038";"GM0921";"2016JJ00";""
"29696";"T001038";"GM0253";"2016JJ00";""
"29756";"T001038";"GM0799";"2016JJ00";""
"29816";"T001038";"GM1735";"2016JJ00";"   34881"
"29876";"T001038";"GM1966";"2016JJ00";""
"29936";"T001038";"GM1911";"2016JJ00";"   47546"
"29996";"T001038";"GM0165";"2016JJ00";""
"30056";"T001038";"GM0675";"2016JJ00";""
"30116";"T001038";"GM0676";"2016JJ00";""
"30176";"T001038";"GM0535";"2016JJ00";""
"30236";"T001038";"GM0801";"2016JJ00";""
"30296";"T001038";"GM0802";"2016JJ00";""
"30356";"T001038";"GM0800";"2016JJ00";""
"30416";"T001038";"GM0118";"2016JJ00";"   55240"
"30476";"T001038";"GM0018";"2016JJ00";"   34177"
"30536";"T001038";"GM0403";"2016JJ00";""
"30596";"T001038";"GM1084";"2016JJ00";""
"30656";"T001038";"GM0320";"2016JJ00";""
"30716";"T001038";"GM0404";"2016JJ00";""
"30776";"T001038";"GM0405";"2016JJ00";"   72172"
"30836";"T001038";"GM0536";"2016JJ00";""
"30896";"T001038";"GM0922";"2016JJ00";""
"30956";"T001038";"GM0254";"2016JJ00";""
"31016";"T001038";"GM0923";"2016JJ00";""
"31076";"T001038";"GM1507";"2016JJ00";"   41675"
"31136";"T001038";"GM0321";"2016JJ00";"   48765"
"31196";"T001038";"GM0803";"2016JJ00";""
"31256";"T001038";"GM0255";"2016JJ00";""
"31316";"T001038";"GM0406";"2016JJ00";"   41373"
"31376";"T001038";"GM0924";"2016JJ00";""
"31436";"T001038";"GM0677";"2016JJ00";"   27372"
"31496";"T001038";"GM0256";"2016JJ00";""
"31556";"T001038";"GM0925";"2016JJ00";""
"31616";"T001038";"GM0078";"2016JJ00";""
"31676";"T001038";"GM0102";"2016JJ00";""
"31736";"T001038";"GM0195";"2016JJ00";""
"31796";"T001038";"GM0191";"2016JJ00";""
"31856";"T001038";"GM0353";"2016JJ00";"   34101"
"31916";"T001038";"GM0730";"2016JJ00";""
"31976";"T001038";"GM0407";"2016JJ00";""
"32036";"T001038";"GM0926";"2016JJ00";""
"32096";"T001038";"GM0927";"2016JJ00";""
"32156";"T001038";"GM0645";"2016JJ00";""
"32216";"T001038";"GM0408";"2016JJ00";""
"32276";"T001038";"GM0322";"2016JJ00";""
"32336";"T001038";"GM1884";"2016JJ00";"   26108"
"32396";"T001038";"GM0323";"2016JJ00";""
"32456";"T001038";"GM0166";"2016JJ00";"   51950"
"32516";"T001038";"GM0020";"2016JJ00";""
"32576";"T001038";"GM0678";"2016JJ00";"   12639"
"32636";"T001038";"GM0679";"2016JJ00";""
"32696";"T001038";"GM0537";"2016JJ00";"   64239"
"32756";"T001038";"GM0409";"2016JJ00";""
"32816";"T001038";"GM0538";"2016JJ00";""
"32876";"T001038";"GM0928";"2016JJ00";"   46023"
"32936";"T001038";"GM1095";"2016JJ00";""
"32996";"T001038";"GM0257";"2016JJ00";""
"33056";"T001038";"GM0929";"2016JJ00";""
"33116";"T001038";"GM0258";"2016JJ00";""
"33176";"T001038";"GM0539";"2016JJ00";""
"33236";"T001038";"GM0930";"2016JJ00";""
"33296";"T001038";"GM0680";"2016JJ00";""
"33356";"T001038";"GM0021";"2016JJ00";""
"33416";"T001038";"GM0804";"2016JJ00";""
"33476";"T001038";"GM0324";"2016JJ00";""
"33536";"T001038";"GM0410";"2016JJ00";""
"33596";"T001038";"GM0681";"2016JJ00";""
"33656";"T001038";"GM1598";"2016JJ00";"   22471"
"33716";"T001038";"GM0079";"2016JJ00";"   12811"
"33776";"T001038";"GM0411";"2016JJ00";""
"33836";"T001038";"GM0588";"2016JJ00";"   10825"
"33896";"T001038";"GM1097";"2016JJ00";""
"33956";"T001038";"GM0682";"2016JJ00";""
"34016";"T001038";"GM0540";"2016JJ00";""
"34076";"T001038";"GM1098";"2016JJ00";""
"34136";"T001038";"GM0684";"2016JJ00";""
"34196";"T001038";"GM0541";"2016JJ00";""
"34256";"T001038";"GM0542";"2016JJ00";"   29054"
"34316";"T001038";"GM1931";"2016JJ00";"   54653"
"34376";"T001038";"GM0413";"2016JJ00";""
"34436";"T001038";"GM0685";"2016JJ00";""
"34496";"T001038";"GM0167";"2016JJ00";""
"34556";"T001038";"GM0414";"2016JJ00";""
"34616";"T001038";"GM1659";"2016JJ00";"   21965"
"34676";"T001038";"GM1685";"2016JJ00";"   15303"
"34736";"T001038";"GM0882";"2016JJ00";"   37465"
"34796";"T001038";"GM0415";"2016JJ00";"   10977"
"34856";"T001038";"GM0325";"2016JJ00";""
"34916";"T001038";"GM1101";"2016JJ00";""
"34976";"T001038";"GM0416";"2016JJ00";"   27447"
"35036";"T001038";"GM0543";"2016JJ00";""
"35096";"T001038";"GM1621";"2016JJ00";"   59035"
"35156";"T001038";"GM0259";"2016JJ00";""
"35216";"T001038";"GM0417";"2016JJ00";"   10956"
"35276";"T001038";"GM0022";"2016JJ00";"   19536"
"35336";"T001038";"GM0805";"2016JJ00";""
"35396";"T001038";"GM0023";"2016JJ00";""
"35456";"T001038";"GM0544";"2016JJ00";""
"35516";"T001038";"GM0545";"2016JJ00";"   20711"
"35576";"T001038";"GM0326";"2016JJ00";""
"35636";"T001038";"GM0080";"2016JJ00";"  107897"
"35696";"T001038";"GM0081";"2016JJ00";"   10175"
"35756";"T001038";"GM0546";"2016JJ00";"  122561"
"35816";"T001038";"GM0547";"2016JJ00";"   26968"
"35876";"T001038";"GM0548";"2016JJ00";""
"35936";"T001038";"GM1916";"2016JJ00";"   74223"
"35996";"T001038";"GM0549";"2016JJ00";""
"36056";"T001038";"GM0550";"2016JJ00";""
"36116";"T001038";"GM0995";"2016JJ00";"   76792"
"36176";"T001038";"GM0082";"2016JJ00";""
"36236";"T001038";"GM1640";"2016JJ00";"   36140"
"36296";"T001038";"GM0327";"2016JJ00";"   29309"
"36356";"T001038";"GM0551";"2016JJ00";""
"36416";"T001038";"GM0260";"2016JJ00";""
"36476";"T001038";"GM1673";"2016JJ00";""
"36536";"T001038";"GM0806";"2016JJ00";""
"36596";"T001038";"GM0261";"2016JJ00";""
"36656";"T001038";"GM0552";"2016JJ00";""
"36716";"T001038";"GM0807";"2016JJ00";""
"36776";"T001038";"GM0694";"2016JJ00";""
"36836";"T001038";"GM0931";"2016JJ00";""
"36896";"T001038";"GM0418";"2016JJ00";""
"36956";"T001038";"GM0733";"2016JJ00";"   11112"
"37016";"T001038";"GM1705";"2016JJ00";"   45950"
"37076";"T001038";"GM0932";"2016JJ00";""
"37136";"T001038";"GM0328";"2016JJ00";""
"37196";"T001038";"GM0553";"2016JJ00";"   22606"
"37256";"T001038";"GM0808";"2016JJ00";""
"37316";"T001038";"GM0103";"2016JJ00";""
"37376";"T001038";"GM0140";"2016JJ00";"   10833"
"37436";"T001038";"GM0262";"2016JJ00";"   33333"
"37496";"T001038";"GM0329";"2016JJ00";""
"37556";"T001038";"GM1105";"2016JJ00";""
"37616";"T001038";"GM0809";"2016JJ00";"   22929"
"37676";"T001038";"GM0330";"2016JJ00";""
"37736";"T001038";"GM0331";"2016JJ00";"   14156"
"37796";"T001038";"GM0024";"2016JJ00";"   10042"
"37856";"T001038";"GM0168";"2016JJ00";"   22444"
"37916";"T001038";"GM0810";"2016JJ00";""
"37976";"T001038";"GM0811";"2016JJ00";""
"38036";"T001038";"GM0332";"2016JJ00";""
"38096";"T001038";"GM0333";"2016JJ00";""
"38156";"T001038";"GM0334";"2016JJ00";""
"38216";"T001038";"GM0933";"2016JJ00";""
"38276";"T001038";"GM0934";"2016JJ00";""
"38336";"T001038";"GM0554";"2016JJ00";""
"38396";"T001038";"GM1671";"2016JJ00";""
"38456";"T001038";"GM0263";"2016JJ00";"   24084"
"38516";"T001038";"GM1641";"2016JJ00";"   23757"
"38576";"T001038";"GM0555";"2016JJ00";""
"38636";"T001038";"GM0556";"2016JJ00";"   32292"
"38696";"T001038";"GM0935";"2016JJ00";"  122533"
"38756";"T001038";"GM1665";"2016JJ00";""
"38816";"T001038";"GM0812";"2016JJ00";""
"38876";"T001038";"GM0936";"2016JJ00";""
"38936";"T001038";"GM0686";"2016JJ00";""
"38996";"T001038";"GM0169";"2016JJ00";""
"39056";"T001038";"GM0419";"2016JJ00";""
"39116";"T001038";"GM1663";"2016JJ00";"   10101"
"39176";"T001038";"GM0025";"2016JJ00";"   10305"
"39236";"T001038";"GM0264";"2016JJ00";""
"39296";"T001038";"GM0420";"2016JJ00";"   43725"
"39356";"T001038";"GM0026";"2016JJ00";""
"39416";"T001038";"GM0557";"2016JJ00";""
"39476";"T001038";"GM0937";"2016JJ00";""
"39536";"T001038";"GM0993";"2016JJ00";""
"39596";"T001038";"GM0938";"2016JJ00";"   19040"
"39656";"T001038";"GM0813";"2016JJ00";""
"39716";"T001038";"GM1948";"2016JJ00";""
"39776";"T001038";"GM0941";"2016JJ00";""
"39836";"T001038";"GM0939";"2016JJ00";""
"39896";"T001038";"GM1112";"2016JJ00";""
"39956";"T001038";"GM1113";"2016JJ00";""
"40016";"T001038";"GM0083";"2016JJ00";""
"40076";"T001038";"GM1908";"2016JJ00";"   13543"
"40136";"T001038";"GM1987";"2016JJ00";"   12233"
"40196";"T001038";"GM0119";"2016JJ00";"   32794"
"40256";"T001038";"GM0940";"2016JJ00";""
"40316";"T001038";"GM0942";"2016JJ00";""
"40376";"T001038";"GM0687";"2016JJ00";"   47873"
"40436";"T001038";"GM0559";"2016JJ00";""
"40496";"T001038";"GM0421";"2016JJ00";""
"40556";"T001038";"GM0027";"2016JJ00";""
"40616";"T001038";"GM1842";"2016JJ00";"   18873"
"40676";"T001038";"GM1731";"2016JJ00";"   33450"
"40736";"T001038";"GM1952";"2016JJ00";""
"40796";"T001038";"GM0688";"2016JJ00";""
"40856";"T001038";"GM1697";"2016JJ00";""
"40916";"T001038";"GM0028";"2016JJ00";""
"40976";"T001038";"GM0422";"2016JJ00";""
"41036";"T001038";"GM0814";"2016JJ00";""
"41096";"T001038";"GM0336";"2016JJ00";""
"41156";"T001038";"GM0564";"2016JJ00";""
"41216";"T001038";"GM0815";"2016JJ00";"   10801"
"41276";"T001038";"GM0265";"2016JJ00";""
"41336";"T001038";"GM1709";"2016JJ00";"   36762"
"41396";"T001038";"GM0816";"2016JJ00";""
"41456";"T001038";"GM0647";"2016JJ00";""
"41516";"T001038";"GM0560";"2016JJ00";""
"41576";"T001038";"GM0561";"2016JJ00";""
"41636";"T001038";"GM1978";"2016JJ00";""
"41696";"T001038";"GM1927";"2016JJ00";"   29067"
"41756";"T001038";"GM0423";"2016JJ00";""
"41816";"T001038";"GM0562";"2016JJ00";""
"41876";"T001038";"GM1955";"2016JJ00";"   35173"
"41936";"T001038";"GM0335";"2016JJ00";"   13783"
"41996";"T001038";"GM0943";"2016JJ00";""
"42056";"T001038";"GM0944";"2016JJ00";"    7755"
"42116";"T001038";"GM0563";"2016JJ00";""
"42176";"T001038";"GM0424";"2016JJ00";""
"42236";"T001038";"GM0945";"2016JJ00";""
"42296";"T001038";"GM0029";"2016JJ00";""
"42356";"T001038";"GM0565";"2016JJ00";""
"42416";"T001038";"GM0425";"2016JJ00";""
"42476";"T001038";"GM1740";"2016JJ00";"   23049"
"42536";"T001038";"GM0426";"2016JJ00";""
"42596";"T001038";"GM0643";"2016JJ00";""
"42656";"T001038";"GM0946";"2016JJ00";"   16793"
"42716";"T001038";"GM0266";"2016JJ00";""
"42776";"T001038";"GM0947";"2016JJ00";""
"42836";"T001038";"GM0304";"2016JJ00";"   12122"
"42896";"T001038";"GM0427";"2016JJ00";""
"42956";"T001038";"GM0412";"2016JJ00";""
"43016";"T001038";"GM1117";"2016JJ00";""
"43076";"T001038";"GM0566";"2016JJ00";""
"43136";"T001038";"GM0030";"2016JJ00";""
"43196";"T001038";"GM1119";"2016JJ00";""
"43256";"T001038";"GM0356";"2016JJ00";"   61749"
"43316";"T001038";"GM0948";"2016JJ00";""
"43376";"T001038";"GM0428";"2016JJ00";""
"43436";"T001038";"GM1249";"2016JJ00";""
"43496";"T001038";"GM1122";"2016JJ00";""
"43556";"T001038";"GM0567";"2016JJ00";""
"43616";"T001038";"GM0031";"2016JJ00";""
"43676";"T001038";"GM0817";"2016JJ00";""
"43736";"T001038";"GM0569";"2016JJ00";"   27433"
"43796";"T001038";"GM0570";"2016JJ00";""
"43856";"T001038";"GM0571";"2016JJ00";""
"43916";"T001038";"GM0170";"2016JJ00";""
"43976";"T001038";"GM0032";"2016JJ00";""
"44036";"T001038";"GM0572";"2016JJ00";""
"44096";"T001038";"GM0949";"2016JJ00";""
"44156";"T001038";"GM0573";"2016JJ00";""
"44216";"T001038";"GM0690";"2016JJ00";""
"44276";"T001038";"GM0818";"2016JJ00";""
"44336";"T001038";"GM0337";"2016JJ00";""
"44396";"T001038";"GM0104";"2016JJ00";""
"44456";"T001038";"GM0121";"2016JJ00";""
"44516";"T001038";"GM0267";"2016JJ00";"   41199"
"44576";"T001038";"GM0268";"2016JJ00";"  172064"
"44636";"T001038";"GM0691";"2016JJ00";""
"44696";"T001038";"GM1930";"2016JJ00";"   85293"
"44756";"T001038";"GM0819";"2016JJ00";""
"44816";"T001038";"GM1970";"2016JJ00";""
"44876";"T001038";"GM0950";"2016JJ00";""
"44936";"T001038";"GM1695";"2016JJ00";"    7421"
"44996";"T001038";"GM1126";"2016JJ00";""
"45056";"T001038";"GM1127";"2016JJ00";""
"45116";"T001038";"GM0574";"2016JJ00";""
"45176";"T001038";"GM1699";"2016JJ00";"   31039"
"45236";"T001038";"GM0529";"2016JJ00";""
"45296";"T001038";"GM1128";"2016JJ00";""
"45356";"T001038";"GM1404";"2016JJ00";""
"45416";"T001038";"GM0171";"2016JJ00";"   46439"
"45476";"T001038";"GM1129";"2016JJ00";""
"45536";"T001038";"GM0575";"2016JJ00";"   25760"
"45596";"T001038";"GM0576";"2016JJ00";"   16140"
"45656";"T001038";"GM0577";"2016JJ00";""
"45716";"T001038";"GM0120";"2016JJ00";""
"45776";"T001038";"GM0820";"2016JJ00";"   22763"
"45836";"T001038";"GM0821";"2016JJ00";""
"45896";"T001038";"GM0578";"2016JJ00";""
"45956";"T001038";"GM0302";"2016JJ00";"   26835"
"46016";"T001038";"GM0951";"2016JJ00";"   15425"
"46076";"T001038";"GM0952";"2016JJ00";""
"46136";"T001038";"GM0429";"2016JJ00";""
"46196";"T001038";"GM1131";"2016JJ00";""
"46256";"T001038";"GM0122";"2016JJ00";""
"46316";"T001038";"GM0822";"2016JJ00";""
"46376";"T001038";"GM0579";"2016JJ00";"   23209"
"46436";"T001038";"GM0953";"2016JJ00";""
"46496";"T001038";"GM0954";"2016JJ00";""
"46556";"T001038";"GM0823";"2016JJ00";"   18199"
"46616";"T001038";"GM0824";"2016JJ00";"   25835"
"46676";"T001038";"GM1895";"2016JJ00";"   38228"
"46736";"T001038";"GM0269";"2016JJ00";"   23104"
"46796";"T001038";"GM0035";"2016JJ00";""
"46856";"T001038";"GM0036";"2016JJ00";""
"46916";"T001038";"GM0172";"2016JJ00";""
"46976";"T001038";"GM0173";"2016JJ00";"   32110"
"47036";"T001038";"GM0174";"2016JJ00";""
"47096";"T001038";"GM1773";"2016JJ00";"   17886"
"47156";"T001038";"GM0175";"2016JJ00";"   17696"
"47216";"T001038";"GM0881";"2016JJ00";"    7869"
"47276";"T001038";"GM1250";"2016JJ00";""
"47336";"T001038";"GM1133";"2016JJ00";""
"47396";"T001038";"GM1586";"2016JJ00";"   29537"
"47456";"T001038";"GM1135";"2016JJ00";""
"47516";"T001038";"GM0825";"2016JJ00";""
"47576";"T001038";"GM0692";"2016JJ00";""
"47636";"T001038";"GM0084";"2016JJ00";""
"47696";"T001038";"GM0033";"2016JJ00";""
"47756";"T001038";"GM0123";"2016JJ00";""
"47816";"T001038";"GM0826";"2016JJ00";"   54018"
"47876";"T001038";"GM1136";"2016JJ00";""
"47936";"T001038";"GM0580";"2016JJ00";""
"47996";"T001038";"GM0430";"2016JJ00";""
"48056";"T001038";"GM1137";"2016JJ00";""
"48116";"T001038";"GM0085";"2016JJ00";"   25571"
"48176";"T001038";"GM0581";"2016JJ00";""
"48236";"T001038";"GM0431";"2016JJ00";"    9504"
"48296";"T001038";"GM0176";"2016JJ00";""
"48356";"T001038";"GM0996";"2016JJ00";""
"48416";"T001038";"GM0270";"2016JJ00";""
"48476";"T001038";"GM0827";"2016JJ00";""
"48536";"T001038";"GM0432";"2016JJ00";"   11336"
"48596";"T001038";"GM0433";"2016JJ00";""
"48656";"T001038";"GM0086";"2016JJ00";"   29830"
"48716";"T001038";"GM0828";"2016JJ00";"   90003"
"48776";"T001038";"GM0829";"2016JJ00";""
"48836";"T001038";"GM0434";"2016JJ00";""
"48896";"T001038";"GM0955";"2016JJ00";""
"48956";"T001038";"GM0582";"2016JJ00";""
"49016";"T001038";"GM0831";"2016JJ00";""
"49076";"T001038";"GM0583";"2016JJ00";""
"49136";"T001038";"GM0584";"2016JJ00";"   23851"
"49196";"T001038";"GM1142";"2016JJ00";""
"49256";"T001038";"GM1509";"2016JJ00";"   39657"
"49316";"T001038";"GM0038";"2016JJ00";""
"49376";"T001038";"GM0695";"2016JJ00";""
"49436";"T001038";"GM0830";"2016JJ00";""
"49496";"T001038";"GM0435";"2016JJ00";""
"49556";"T001038";"GM0586";"2016JJ00";""
"49616";"T001038";"GM0436";"2016JJ00";""
"49676";"T001038";"GM0437";"2016JJ00";"   13411"
"49736";"T001038";"GM0644";"2016JJ00";""
"49796";"T001038";"GM0587";"2016JJ00";""
"49856";"T001038";"GM1143";"2016JJ00";""
"49916";"T001038";"GM0589";"2016JJ00";"   10049"
"49976";"T001038";"GM0438";"2016JJ00";""
"50036";"T001038";"GM0696";"2016JJ00";""
"50096";"T001038";"GM1148";"2016JJ00";""
"50156";"T001038";"GM0271";"2016JJ00";""
"50216";"T001038";"GM1734";"2016JJ00";"   47002"
"50276";"T001038";"GM0697";"2016JJ00";""
"50336";"T001038";"GM0698";"2016JJ00";""
"50396";"T001038";"GM0272";"2016JJ00";""
"50456";"T001038";"GM1151";"2016JJ00";""
"50516";"T001038";"GM0590";"2016JJ00";"   32248"
"50576";"T001038";"GM1894";"2016JJ00";"   43316"
"50636";"T001038";"GM0124";"2016JJ00";""
"50696";"T001038";"GM0765";"2016JJ00";"   12641"
"50756";"T001038";"GM0699";"2016JJ00";""
"50816";"T001038";"GM0591";"2016JJ00";""
"50876";"T001038";"GM0594";"2016JJ00";""
"50936";"T001038";"GM1926";"2016JJ00";"   51894"
"50996";"T001038";"GM0338";"2016JJ00";""
"51056";"T001038";"GM0592";"2016JJ00";""
"51116";"T001038";"GM0700";"2016JJ00";""
"51176";"T001038";"GM0956";"2016JJ00";""
"51236";"T001038";"GM0832";"2016JJ00";""
"51296";"T001038";"GM0439";"2016JJ00";"   79889"
"51356";"T001038";"GM0833";"2016JJ00";""
"51416";"T001038";"GM0273";"2016JJ00";"   24516"
"51476";"T001038";"GM0593";"2016JJ00";""
"51536";"T001038";"GM0177";"2016JJ00";"   36700"
"51596";"T001038";"GM0834";"2016JJ00";""
"51656";"T001038";"GM0087";"2016JJ00";""
"51716";"T001038";"GM0835";"2016JJ00";""
"51776";"T001038";"GM0595";"2016JJ00";""
"51836";"T001038";"GM1661";"2016JJ00";""
"51896";"T001038";"GM0703";"2016JJ00";"   22265"
"51956";"T001038";"GM1159";"2016JJ00";""
"52016";"T001038";"GM0274";"2016JJ00";"   31254"
"52076";"T001038";"GM0339";"2016JJ00";"    5051"
"52136";"T001038";"GM0701";"2016JJ00";""
"52196";"T001038";"GM0836";"2016JJ00";""
"52256";"T001038";"GM1667";"2016JJ00";"   12811"
"52316";"T001038";"GM0275";"2016JJ00";"   43824"
"52376";"T001038";"GM0340";"2016JJ00";"   19400"
"52436";"T001038";"GM0596";"2016JJ00";""
"52496";"T001038";"GM0597";"2016JJ00";"   45097"
"52556";"T001038";"GM0837";"2016JJ00";""
"52616";"T001038";"GM1160";"2016JJ00";""
"52676";"T001038";"GM0646";"2016JJ00";""
"52736";"T001038";"GM0601";"2016JJ00";""
"52796";"T001038";"GM0602";"2016JJ00";""
"52856";"T001038";"GM0196";"2016JJ00";"   10866"
"52916";"T001038";"GM1672";"2016JJ00";""
"52976";"T001038";"GM0440";"2016JJ00";""
"53036";"T001038";"GM0841";"2016JJ00";""
"53096";"T001038";"GM0178";"2016JJ00";""
"53156";"T001038";"GM1742";"2016JJ00";"   37875"
"53216";"T001038";"GM0842";"2016JJ00";""
"53276";"T001038";"GM0603";"2016JJ00";"   49328"
"53336";"T001038";"GM0702";"2016JJ00";""
"53396";"T001038";"GM1163";"2016JJ00";""
"53456";"T001038";"GM0598";"2016JJ00";""
"53516";"T001038";"GM0125";"2016JJ00";""
"53576";"T001038";"GM1669";"2016JJ00";"   20686"
"53636";"T001038";"GM0957";"2016JJ00";"   57010"
"53696";"T001038";"GM0958";"2016JJ00";""
"53756";"T001038";"GM1670";"2016JJ00";""
"53816";"T001038";"GM0126";"2016JJ00";""
"53876";"T001038";"GM0736";"2016JJ00";"   42576"
"53936";"T001038";"GM1674";"2016JJ00";"   76960"
"53996";"T001038";"GM0838";"2016JJ00";""
"54056";"T001038";"GM0959";"2016JJ00";""
"54116";"T001038";"GM0839";"2016JJ00";""
"54176";"T001038";"GM0276";"2016JJ00";""
"54236";"T001038";"GM0599";"2016JJ00";"  629606"
"54296";"T001038";"GM0600";"2016JJ00";""
"54356";"T001038";"GM0277";"2016JJ00";"    1498"
"54416";"T001038";"GM0840";"2016JJ00";"   22276"
"54476";"T001038";"GM0127";"2016JJ00";""
"54536";"T001038";"GM0128";"2016JJ00";""
"54596";"T001038";"GM0278";"2016JJ00";""
"54656";"T001038";"GM1164";"2016JJ00";""
"54716";"T001038";"GM0704";"2016JJ00";""
"54776";"T001038";"GM0604";"2016JJ00";""
"54836";"T001038";"GM0960";"2016JJ00";""
"54896";"T001038";"GM0441";"2016JJ00";"   46159"
"54956";"T001038";"GM0843";"2016JJ00";""
"55016";"T001038";"GM1169";"2016JJ00";""
"55076";"T001038";"GM0139";"2016JJ00";""
"55136";"T001038";"GM0039";"2016JJ00";""
"55196";"T001038";"GM0442";"2016JJ00";""
"55256";"T001038";"GM0605";"2016JJ00";""
"55316";"T001038";"GM0458";"2016JJ00";""
"55376";"T001038";"GM0443";"2016JJ00";""
"55436";"T001038";"GM0705";"2016JJ00";""
"55496";"T001038";"GM0279";"2016JJ00";"    9529"
"55556";"T001038";"GM0606";"2016JJ00";"   77108"
"55616";"T001038";"GM0088";"2016JJ00";"     919"
"55676";"T001038";"GM0844";"2016JJ00";"   23625"
"55736";"T001038";"GM0961";"2016JJ00";""
"55796";"T001038";"GM0962";"2016JJ00";"   12960"
"55856";"T001038";"GM0963";"2016JJ00";""
"55916";"T001038";"GM0607";"2016JJ00";""
"55976";"T001038";"GM0706";"2016JJ00";""
"56036";"T001038";"GM0129";"2016JJ00";""
"56096";"T001038";"GM0608";"2016JJ00";""
"56156";"T001038";"GM0609";"2016JJ00";""
"56216";"T001038";"GM0444";"2016JJ00";""
"56276";"T001038";"GM1676";"2016JJ00";"   33735"
"56336";"T001038";"GM1175";"2016JJ00";""
"56396";"T001038";"GM1176";"2016JJ00";""
"56456";"T001038";"GM0964";"2016JJ00";""
"56516";"T001038";"GM0447";"2016JJ00";""
"56576";"T001038";"GM0965";"2016JJ00";"   10741"
"56636";"T001038";"GM1702";"2016JJ00";"   11594"
"56696";"T001038";"GM0966";"2016JJ00";""
"56756";"T001038";"GM0709";"2016JJ00";""
"56816";"T001038";"GM1179";"2016JJ00";""
"56876";"T001038";"GM0445";"2016JJ00";""
"56936";"T001038";"GM0967";"2016JJ00";""
"56996";"T001038";"GM0446";"2016JJ00";""
"57056";"T001038";"GM0712";"2016JJ00";""
"57116";"T001038";"GM0708";"2016JJ00";""
"57176";"T001038";"GM0711";"2016JJ00";""
"57236";"T001038";"GM0845";"2016JJ00";"   28403"
"57296";"T001038";"GM0846";"2016JJ00";"   17896"
"57356";"T001038";"GM0968";"2016JJ00";""
"57416";"T001038";"GM1883";"2016JJ00";"   93555"
"57476";"T001038";"GM0051";"2016JJ00";""
"57536";"T001038";"GM0130";"2016JJ00";""
"57596";"T001038";"GM0969";"2016JJ00";""
"57656";"T001038";"GM0610";"2016JJ00";"   24968"
"57716";"T001038";"GM0040";"2016JJ00";"   15698"
"57776";"T001038";"GM0089";"2016JJ00";""
"57836";"T001038";"GM1714";"2016JJ00";"   23639"
"57896";"T001038";"GM0713";"2016JJ00";""
"57956";"T001038";"GM1698";"2016JJ00";""
"58016";"T001038";"GM0090";"2016JJ00";"   55439"
"58076";"T001038";"GM0131";"2016JJ00";""
"58136";"T001038";"GM0091";"2016JJ00";""
"58196";"T001038";"GM0341";"2016JJ00";""
"58256";"T001038";"GM0342";"2016JJ00";"   45487"
"58316";"T001038";"GM0847";"2016JJ00";"   18914"
"58376";"T001038";"GM1184";"2016JJ00";""
"58436";"T001038";"GM0848";"2016JJ00";"   16425"
"58496";"T001038";"GM0970";"2016JJ00";""
"58556";"T001038";"GM0612";"2016JJ00";""
"58616";"T001038";"GM0849";"2016JJ00";""
"58676";"T001038";"GM1691";"2016JJ00";""
"58736";"T001038";"GM1188";"2016JJ00";""
"58796";"T001038";"GM0179";"2016JJ00";""
"58856";"T001038";"GM0037";"2016JJ00";"   32621"
"58916";"T001038";"GM0850";"2016JJ00";""
"58976";"T001038";"GM0180";"2016JJ00";"   16544"
"59036";"T001038";"GM0714";"2016JJ00";""
"59096";"T001038";"GM0092";"2016JJ00";""
"59156";"T001038";"GM0532";"2016JJ00";"   21493"
"59216";"T001038";"GM0041";"2016JJ00";""
"59276";"T001038";"GM0851";"2016JJ00";"   23477"
"59336";"T001038";"GM1376";"2016JJ00";""
"59396";"T001038";"GM0280";"2016JJ00";""
"59456";"T001038";"GM0181";"2016JJ00";""
"59516";"T001038";"GM1708";"2016JJ00";"   43333"
"59576";"T001038";"GM0182";"2016JJ00";""
"59636";"T001038";"GM0971";"2016JJ00";"   25064"
"59696";"T001038";"GM1195";"2016JJ00";""
"59756";"T001038";"GM0972";"2016JJ00";""
"59816";"T001038";"GM1904";"2016JJ00";"   64061"
"59876";"T001038";"GM1196";"2016JJ00";""
"59936";"T001038";"GM0615";"2016JJ00";""
"59996";"T001038";"GM0343";"2016JJ00";""
"60056";"T001038";"GM0973";"2016JJ00";""
"60116";"T001038";"GM0616";"2016JJ00";""
"60176";"T001038";"GM0617";"2016JJ00";"    8766"
"60236";"T001038";"GM1900";"2016JJ00";"   84048"
"60296";"T001038";"GM0974";"2016JJ00";""
"60356";"T001038";"GM0975";"2016JJ00";""
"60416";"T001038";"GM0976";"2016JJ00";""
"60476";"T001038";"GM0853";"2016JJ00";""
"60536";"T001038";"GM0042";"2016JJ00";""
"60596";"T001038";"GM0715";"2016JJ00";"   54657"
"60656";"T001038";"GM0093";"2016JJ00";"    4870"
"60716";"T001038";"GM0854";"2016JJ00";""
"60776";"T001038";"GM0448";"2016JJ00";"   13574"
"60836";"T001038";"GM1525";"2016JJ00";"   36013"
"60896";"T001038";"GM0716";"2016JJ00";"   25421"
"60956";"T001038";"GM0977";"2016JJ00";""
"61016";"T001038";"GM0281";"2016JJ00";"   41510"
"61076";"T001038";"GM0618";"2016JJ00";""
"61136";"T001038";"GM0094";"2016JJ00";""
"61196";"T001038";"GM0855";"2016JJ00";"  212941"
"61256";"T001038";"GM0183";"2016JJ00";"   21120"
"61316";"T001038";"GM1204";"2016JJ00";""
"61376";"T001038";"GM1205";"2016JJ00";""
"61436";"T001038";"GM1700";"2016JJ00";"   33846"
"61496";"T001038";"GM0449";"2016JJ00";""
"61556";"T001038";"GM1730";"2016JJ00";"   32804"
"61616";"T001038";"GM0737";"2016JJ00";"   32077"
"61676";"T001038";"GM0978";"2016JJ00";""
"61736";"T001038";"GM0282";"2016JJ00";""
"61796";"T001038";"GM0856";"2016JJ00";"   41247"
"61856";"T001038";"GM0857";"2016JJ00";""
"61916";"T001038";"GM0450";"2016JJ00";"   13360"
"61976";"T001038";"GM0451";"2016JJ00";"   29181"
"62036";"T001038";"GM0043";"2016JJ00";""
"62096";"T001038";"GM0044";"2016JJ00";""
"62156";"T001038";"GM0979";"2016JJ00";""
"62216";"T001038";"GM0045";"2016JJ00";""
"62276";"T001038";"GM0184";"2016JJ00";"   19987"
"62336";"T001038";"GM0980";"2016JJ00";""
"62396";"T001038";"GM0452";"2016JJ00";""
"62456";"T001038";"GM0046";"2016JJ00";""
"62516";"T001038";"GM0095";"2016JJ00";""
"62576";"T001038";"GM0344";"2016JJ00";"  338967"
"62636";"T001038";"GM1581";"2016JJ00";"   48506"
"62696";"T001038";"GM0981";"2016JJ00";"    9632"
"62756";"T001038";"GM0283";"2016JJ00";""
"62816";"T001038";"GM0619";"2016JJ00";""
"62876";"T001038";"GM0994";"2016JJ00";"   16518"
"62936";"T001038";"GM0982";"2016JJ00";""
"62996";"T001038";"GM0720";"2016JJ00";""
"63056";"T001038";"GM0858";"2016JJ00";"   30262"
"63116";"T001038";"GM0284";"2016JJ00";""
"63176";"T001038";"GM0859";"2016JJ00";""
"63236";"T001038";"GM0047";"2016JJ00";"   27467"
"63296";"T001038";"GM0345";"2016JJ00";"   63816"
"63356";"T001038";"GM0717";"2016JJ00";"   21960"
"63416";"T001038";"GM0860";"2016JJ00";"   38078"
"63476";"T001038";"GM0861";"2016JJ00";"   44317"
"63536";"T001038";"GM0453";"2016JJ00";"   67448"
"63596";"T001038";"GM0454";"2016JJ00";""
"63656";"T001038";"GM0983";"2016JJ00";"  100371"
"63716";"T001038";"GM0984";"2016JJ00";"   43291"
"63776";"T001038";"GM0862";"2016JJ00";""
"63836";"T001038";"GM0620";"2016JJ00";"   19513"
"63896";"T001038";"GM0863";"2016JJ00";""
"63956";"T001038";"GM0621";"2016JJ00";""
"64016";"T001038";"GM1961";"2016JJ00";""
"64076";"T001038";"GM0346";"2016JJ00";""
"64136";"T001038";"GM0622";"2016JJ00";"   71808"
"64196";"T001038";"GM0048";"2016JJ00";"   16422"
"64256";"T001038";"GM0132";"2016JJ00";""
"64316";"T001038";"GM0347";"2016JJ00";""
"64376";"T001038";"GM0096";"2016JJ00";"    1083"
"64436";"T001038";"GM0864";"2016JJ00";""
"64496";"T001038";"GM0718";"2016JJ00";"   44451"
"64556";"T001038";"GM0623";"2016JJ00";""
"64616";"T001038";"GM0985";"2016JJ00";""
"64676";"T001038";"GM0986";"2016JJ00";"   12482"
"64736";"T001038";"GM0719";"2016JJ00";""
"64796";"T001038";"GM0185";"2016JJ00";""
"64856";"T001038";"GM0624";"2016JJ00";""
"64916";"T001038";"GM0625";"2016JJ00";""
"64976";"T001038";"GM0626";"2016JJ00";"   25211"
"65036";"T001038";"GM0285";"2016JJ00";"   23984"
"65096";"T001038";"GM0286";"2016JJ00";""
"65156";"T001038";"GM1213";"2016JJ00";""
"65216";"T001038";"GM0348";"2016JJ00";""
"65276";"T001038";"GM0133";"2016JJ00";""
"65336";"T001038";"GM0186";"2016JJ00";""
"65396";"T001038";"GM1214";"2016JJ00";""
"65456";"T001038";"GM0865";"2016JJ00";"   25973"
"65516";"T001038";"GM0287";"2016JJ00";""
"65576";"T001038";"GM1949";"2016JJ00";""
"65636";"T001038";"GM0866";"2016JJ00";"   17023"
"65696";"T001038";"GM0867";"2016JJ00";"   47021"
"65756";"T001038";"GM0721";"2016JJ00";""
"65816";"T001038";"GM0288";"2016JJ00";""
"65876";"T001038";"GM1217";"2016JJ00";""
"65936";"T001038";"GM0627";"2016JJ00";"   26072"
"65996";"T001038";"GM0289";"2016JJ00";"   37837"
"66056";"T001038";"GM0290";"2016JJ00";""
"66116";"T001038";"GM0187";"2016JJ00";""
"66176";"T001038";"GM0868";"2016JJ00";""
"66236";"T001038";"GM0987";"2016JJ00";""
"66296";"T001038";"GM0455";"2016JJ00";""
"66356";"T001038";"GM0049";"2016JJ00";""
"66416";"T001038";"GM0456";"2016JJ00";""
"66476";"T001038";"GM0628";"2016JJ00";""
"66536";"T001038";"GM0291";"2016JJ00";""
"66596";"T001038";"GM0869";"2016JJ00";""
"66656";"T001038";"GM0629";"2016JJ00";"   25885"
"66716";"T001038";"GM0630";"2016JJ00";""
"66776";"T001038";"GM0852";"2016JJ00";"   17304"
"66836";"T001038";"GM0722";"2016JJ00";""
"66896";"T001038";"GM1220";"2016JJ00";""
"66956";"T001038";"GM0188";"2016JJ00";""
"67016";"T001038";"GM0988";"2016JJ00";"   49100"
"67076";"T001038";"GM0457";"2016JJ00";"   18572"
"67136";"T001038";"GM1221";"2016JJ00";""
"67196";"T001038";"GM0292";"2016JJ00";""
"67256";"T001038";"GM0723";"2016JJ00";""
"67316";"T001038";"GM0870";"2016JJ00";"   26527"
"67376";"T001038";"GM1223";"2016JJ00";""
"67436";"T001038";"GM0459";"2016JJ00";""
"67496";"T001038";"GM0989";"2016JJ00";""
"67556";"T001038";"GM1960";"2016JJ00";""
"67616";"T001038";"GM0668";"2016JJ00";"   18693"
"67676";"T001038";"GM0097";"2016JJ00";""
"67736";"T001038";"GM0724";"2016JJ00";""
"67796";"T001038";"GM0134";"2016JJ00";""
"67856";"T001038";"GM0871";"2016JJ00";""
"67916";"T001038";"GM0558";"2016JJ00";""
"67976";"T001038";"GM1969";"2016JJ00";""
"68036";"T001038";"GM0725";"2016JJ00";""
"68096";"T001038";"GM1701";"2016JJ00";"   18940"
"68156";"T001038";"GM0293";"2016JJ00";"   15001"
"68216";"T001038";"GM1950";"2016JJ00";""
"68276";"T001038";"GM0726";"2016JJ00";""
"68336";"T001038";"GM1783";"2016JJ00";"  104960"
"68396";"T001038";"GM0631";"2016JJ00";""
"68456";"T001038";"GM0098";"2016JJ00";"   25520"
"68516";"T001038";"GM0614";"2016JJ00";"   14197"
"68576";"T001038";"GM0460";"2016JJ00";""
"68636";"T001038";"GM0461";"2016JJ00";""
"68696";"T001038";"GM0189";"2016JJ00";"   23952"
"68756";"T001038";"GM0462";"2016JJ00";""
"68816";"T001038";"GM0463";"2016JJ00";""
"68876";"T001038";"GM0464";"2016JJ00";""
"68936";"T001038";"GM0296";"2016JJ00";"   40814"
"68996";"T001038";"GM1696";"2016JJ00";"   23275"
"69056";"T001038";"GM0469";"2016JJ00";""
"69116";"T001038";"GM0470";"2016JJ00";""
"69176";"T001038";"GM0190";"2016JJ00";""
"69236";"T001038";"GM0135";"2016JJ00";""
"69296";"T001038";"GM0352";"2016JJ00";"   23384"
"69356";"T001038";"GM0876";"2016JJ00";""
"69416";"T001038";"GM0991";"2016JJ00";""
"69476";"T001038";"GM0992";"2016JJ00";""
"69536";"T001038";"GM0634";"2016JJ00";""
"69596";"T001038";"GM1225";"2016JJ00";""
"69656";"T001038";"GM0872";"2016JJ00";""
"69716";"T001038";"GM0349";"2016JJ00";""
"69776";"T001038";"GM0350";"2016JJ00";""
"69836";"T001038";"GM0465";"2016JJ00";""
"69896";"T001038";"GM0052";"2016JJ00";""
"69956";"T001038";"GM0053";"2016JJ00";"   13633"
"70016";"T001038";"GM0294";"2016JJ00";"   28939"
"70076";"T001038";"GM0295";"2016JJ00";""
"70136";"T001038";"GM0727";"2016JJ00";""
"70196";"T001038";"GM0990";"2016JJ00";""
"70256";"T001038";"GM0873";"2016JJ00";"   21682"
"70316";"T001038";"GM0632";"2016JJ00";"   51161"
"70376";"T001038";"GM0466";"2016JJ00";""
"70436";"T001038";"GM1690";"2016JJ00";"   23722"
"70496";"T001038";"GM0728";"2016JJ00";""
"70556";"T001038";"GM0099";"2016JJ00";""
"70616";"T001038";"GM0100";"2016JJ00";""
"70676";"T001038";"GM0467";"2016JJ00";""
"70736";"T001038";"GM0880";"2016JJ00";"   15664"
"70796";"T001038";"GM0468";"2016JJ00";""
"70856";"T001038";"GM0633";"2016JJ00";""
"70916";"T001038";"GM0351";"2016JJ00";"   12550"
"70976";"T001038";"GM0874";"2016JJ00";"   14518"
"71036";"T001038";"GM0875";"2016JJ00";""
"71096";"T001038";"GM0710";"2016JJ00";""
"71156";"T001038";"GM0101";"2016JJ00";""
"71216";"T001038";"GM0683";"2016JJ00";""
"71276";"T001038";"GM0729";"2016JJ00";""
"71336";"T001038";"GM0731";"2016JJ00";""
"71396";"T001038";"GM0471";"2016JJ00";""
"71456";"T001038";"GM0472";"2016JJ00";""
"71516";"T001038";"GM0479";"2016JJ00";"  152466"
"71576";"T001038";"GM0297";"2016JJ00";"   27543"
"71636";"T001038";"GM0054";"2016JJ00";""
"71696";"T001038";"GM0473";"2016JJ00";"   16792"
"71756";"T001038";"GM0707";"2016JJ00";"   13718"
"71816";"T001038";"GM0877";"2016JJ00";""
"71876";"T001038";"GM0478";"2016JJ00";""
"71936";"T001038";"GM0050";"2016JJ00";"   22113"
"71996";"T001038";"GM0354";"2016JJ00";""
"72056";"T001038";"GM0355";"2016JJ00";"   62258"
"72116";"T001038";"GM0298";"2016JJ00";""
"72176";"T001038";"GM0299";"2016JJ00";"   32269"
"72236";"T001038";"GM0878";"2016JJ00";""
"72296";"T001038";"GM0635";"2016JJ00";""
"72356";"T001038";"GM0636";"2016JJ00";""
"72416";"T001038";"GM1666";"2016JJ00";""
"72476";"T001038";"GM0732";"2016JJ00";""
"72536";"T001038";"GM0476";"2016JJ00";""
"72596";"T001038";"GM0300";"2016JJ00";""
"72656";"T001038";"GM0637";"2016JJ00";"  124107"
"72716";"T001038";"GM0638";"2016JJ00";"    8119"
"72776";"T001038";"GM1236";"2016JJ00";""
"72836";"T001038";"GM1237";"2016JJ00";""
"72896";"T001038";"GM0474";"2016JJ00";""
"72956";"T001038";"GM0639";"2016JJ00";""
"73016";"T001038";"GM1240";"2016JJ00";""
"73076";"T001038";"GM0734";"2016JJ00";""
"73136";"T001038";"GM0056";"2016JJ00";"   18794"
"73196";"T001038";"GM0640";"2016JJ00";""
"73256";"T001038";"GM0136";"2016JJ00";""
"73316";"T001038";"GM1892";"2016JJ00";"   40937"
"73376";"T001038";"GM0137";"2016JJ00";""
"73436";"T001038";"GM0735";"2016JJ00";""
"73496";"T001038";"GM0879";"2016JJ00";"   21488"
"73556";"T001038";"GM0301";"2016JJ00";"   46997"
"73616";"T001038";"GM0475";"2016JJ00";""
"73676";"T001038";"GM1244";"2016JJ00";""
"73736";"T001038";"GM0641";"2016JJ00";""
"73796";"T001038";"GM1896";"2016JJ00";"   22278"
"73856";"T001038";"GM0192";"2016JJ00";""
"73916";"T001038";"GM0138";"2016JJ00";""
"73976";"T001038";"GM0642";"2016JJ00";"   44454"
"74036";"T001038";"GM0193";"2016JJ00";"  124896"
"74096";"T001038";"GM1245";"2016JJ00";""
"74156";"T001038";"GM0997";"2016JJ00";""
"74216";"T001038";"GM0999";"2016JJ00";""
